combination_id,task,representation,embedding,classifier,status,failure,elapsed_seconds,mean_fold_fit_seconds,mean_downstream_predict_ms_per_record,records,accuracy,macro_f1,log_loss,brier_score,expected_calibration_error_10_bins,obra_recall,automatic_records,automatic_coverage,human_review_required_records,automatic_triage_records,triagem_manual_is_automatic,automatic_errors,automatic_risk,automatic_maintenance_as_obra,automatic_non_obra_as_obra,automatic_non_obra_records,automatic_non_obra_as_obra_rate,automatic_non_obra_as_obra_group_events,automatic_non_obra_exposed_groups,automatic_non_obra_as_obra_group_rate_upper,semantic_maintenance_as_obra,confidence_level,group_bootstrap_accuracy_ci_lower,group_bootstrap_accuracy_ci_upper,group_bootstrap_macro_f1_ci_lower,group_bootstrap_macro_f1_ci_upper,group_bootstrap_coverage_ci_lower,group_bootstrap_coverage_ci_upper,group_bootstrap_selective_risk_ci_lower,group_bootstrap_selective_risk_ci_upper,positive_records,negative_records,semantic_accuracy,semantic_f1,average_precision,roc_auc,decision_records,decision_coverage,automatic_positive_records_requiring_human_confirmation,fully_automated_negative_records,full_automation_coverage,tp,fp,tn,fn,precision,negative_predictive_value,automatic_false_positive_rate,automatic_false_negative_rate,false_negative_group_events,positive_groups,false_negative_group_rate_upper,false_positive_group_events,negative_groups,false_positive_group_rate_upper,weighted_error_fn5_fp1_total,weighted_error_fn5_fp1_per_record,weighted_error_fn5_fp1_per_automatic,semantic_group_bootstrap_accuracy_ci_lower,semantic_group_bootstrap_accuracy_ci_upper,semantic_group_bootstrap_macro_f1_ci_lower,semantic_group_bootstrap_macro_f1_ci_upper,operating_group_bootstrap_precision_ci_lower,operating_group_bootstrap_precision_ci_upper,operating_group_bootstrap_negative_predictive_value_ci_lower,operating_group_bootstrap_negative_predictive_value_ci_upper,operating_group_bootstrap_false_positive_rate_ci_lower,operating_group_bootstrap_false_positive_rate_ci_upper,operating_group_bootstrap_false_negative_rate_ci_lower,operating_group_bootstrap_false_negative_rate_ci_upper,operating_group_bootstrap_weighted_error_per_record_ci_lower,operating_group_bootstrap_weighted_error_per_record_ci_upper,operating_group_bootstrap_decision_coverage_ci_lower,operating_group_bootstrap_decision_coverage_ci_upper,operating_group_bootstrap_full_automation_coverage_ci_lower,operating_group_bootstrap_full_automation_coverage_ci_upper
classification__tfidf__none__logistic_regression,classification,tfidf,,logistic_regression,COMPLETED_DEVELOPMENT_OOF,,73.04367619997356,11.907573939987923,0.9179248530060545,1114,0.9290843806104129,0.9227013310858326,0.2358872536900592,0.11455343410897387,0.041272107755454604,0.9523809523809523,747,0.670556552962298,367,0,False,8,0.0107095046854083,0,0,581,0.0,0,129,0.022955158445512647,5,0.95,0.9,0.9542621371306069,0.8898956830742307,0.9506950272854545,0.6131023088843893,0.7260532002080152,0.0014551851968207102,0.02473050243719532,,,,,,,,,,,,,,,,,,,,,,,,,,,,,,,,,,,,,,,,,,,,,,
classification__tfidf__none__decision_tree,classification,tfidf,,decision_tree,COMPLETED_DEVELOPMENT_OOF,,88.75964359997306,15.22727144000819,1.1988706089524201,1114,0.7324955116696589,0.7246266476420995,0.7853978223027588,0.39779372881371067,0.04171529445554611,0.645021645021645,0,0.0,1114,0,False,0,,0,0,0,,0,0,,34,0.95,0.6880402996579468,0.775089605734767,0.6749914017410066,0.7697249004088462,0.0,0.0,,,,,,,,,,,,,,,,,,,,,,,,,,,,,,,,,,,,,,,,,,,,,,,,
classification__tfidf__none__linear_svm,classification,tfidf,,linear_svm,COMPLETED_DEVELOPMENT_OOF,,75.77607720001834,11.707742900005542,1.0000397267122503,1114,0.9353680430879713,0.9295989796089548,0.21811233231132343,0.1056505738678182,0.03665666316647874,0.9567099567099567,734,0.6588868940754039,380,0,False,6,0.008174386920980926,0,0,560,0.0,0,121,0.024454149490199535,4,0.95,0.9070970369616129,0.9598590575931203,0.8974483489498372,0.9557998090159184,0.5999775784753364,0.7159498207885304,0.0,0.022371798430675827,,,,,,,,,,,,,,,,,,,,,,,,,,,,,,,,,,,,,,,,,,,,,,
classification__tfidf__none__mlp,classification,tfidf,,mlp,COMPLETED_DEVELOPMENT_OOF,,916.5770400000038,180.82347956001757,0.6878429393757083,1114,0.9344703770197487,0.9251242923472018,0.21290736234102028,0.0969833782168019,0.025104057574658424,0.9393939393939394,796,0.7145421903052065,318,0,False,6,0.007537688442211055,0,0,602,0.0,0,129,0.022955158445512647,1,0.95,0.9071851410942273,0.959209520226728,0.8921563466589231,0.9545082804922547,0.6576558165795223,0.7671721677074042,0.0011933174224343676,0.01790396091546986,,,,,,,,,,,,,,,,,,,,,,,,,,,,,,,,,,,,,,,,,,,,,,
classification__tfidf__none__xgboost,classification,tfidf,,xgboost,COMPLETED_DEVELOPMENT_OOF,,885.3885312000057,175.03330348000162,0.670528373340841,1114,0.8770197486535009,0.8707518935196519,0.35854268603736317,0.18102420998258828,0.04611514994232684,0.8787878787878788,500,0.4488330341113106,614,0,False,11,0.022,2,2,381,0.005249343832020997,2,98,0.06284914151527835,26,0.95,0.8435783105469875,0.9067505003094283,0.8339315396025692,0.9016217377501673,0.39138240574506283,0.5049078991954231,0.005999700598802396,0.04417988409333535,,,,,,,,,,,,,,,,,,,,,,,,,,,,,,,,,,,,,,,,,,,,,,
deduplication__tfidf__none__logistic_regression,deduplication,tfidf,,logistic_regression,COMPLETED_DEVELOPMENT_OOF,,72.89725909999106,12.000588620011694,1.2980499999248423,1000,,,0.006791666397984725,6.885496400254446e-05,0.006756931967027424,,,,500,,,,,,,,,,,,,0.95,,,,,,,,,500,500,1.0,1.0,1.0,1.0,1000,1.0,500,500,0.5,500,0,500,0,1.0,1.0,0.0,0.0,0,100,0.02951304960703993,0,100,0.02951304960703993,0.0,0.0,0.0,1.0,1.0,1.0,1.0,1.0,1.0,1.0,1.0,0.0,0.0,0.0,0.0,0.0,0.0,1.0,1.0,0.435,0.57
deduplication__tfidf__none__decision_tree,deduplication,tfidf,,decision_tree,COMPLETED_DEVELOPMENT_OOF,,97.67319879995193,16.875010959990323,1.2655672000255436,1000,,,0.12474395196345592,0.03036077536176198,0.022499735289919776,,,,528,,,,,,,,,,,,,0.95,,,,,,,,,500,500,0.968,0.9688715953307393,0.9877727272727272,0.99094,1000,1.0,528,472,0.472,498,30,470,2,0.9431818181818182,0.9957627118644068,0.06,0.004,2,100,0.06161920039604067,6,100,0.11498525560792089,40.0,0.04,0.04,0.942,0.989,0.9434882406828813,0.9889125528007546,0.8936066928320595,0.9816176470588235,0.9888888888888889,1.0,0.019230769230769232,0.11224489795918367,0.0,0.010101010101010102,0.015,0.07,1.0,1.0,0.406,0.5440499999999998
deduplication__tfidf__none__linear_svm,deduplication,tfidf,,linear_svm,COMPLETED_DEVELOPMENT_OOF,,75.33835019997787,12.418795399996451,1.3788571999175474,1000,,,0.006497866965911545,4.610066897016595e-05,0.006474695377604367,,,,500,,,,,,,,,,,,,0.95,,,,,,,,,500,500,1.0,1.0,1.0,1.0,1000,1.0,500,500,0.5,500,0,500,0,1.0,1.0,0.0,0.0,0,100,0.02951304960703993,0,100,0.02951304960703993,0.0,0.0,0.0,1.0,1.0,1.0,1.0,1.0,1.0,1.0,1.0,0.0,0.0,0.0,0.0,0.0,0.0,1.0,1.0,0.435,0.57
deduplication__tfidf__none__mlp,deduplication,tfidf,,mlp,COMPLETED_DEVELOPMENT_OOF,,322.35460389999207,61.800224020006134,1.1620324999676086,1000,,,0.006228237093435093,3.859287239731844e-05,0.006208860230843549,,,,500,,,,,,,,,,,,,0.95,,,,,,,,,500,500,1.0,1.0,1.0,1.0,1000,1.0,500,500,0.5,500,0,500,0,1.0,1.0,0.0,0.0,0,100,0.02951304960703993,0,100,0.02951304960703993,0.0,0.0,0.0,1.0,1.0,1.0,1.0,1.0,1.0,1.0,1.0,0.0,0.0,0.0,0.0,0.0,0.0,1.0,1.0,0.435,0.57
deduplication__tfidf__none__xgboost,deduplication,tfidf,,xgboost,COMPLETED_DEVELOPMENT_OOF,,236.74554869998246,44.51557858000742,1.2969779000268318,1000,,,0.08559194952343291,0.014947506262290475,0.006872155900201848,,,,515,,,,,,,,,,,,,0.95,,,,,,,,,500,500,0.985,0.9852216748768473,0.9384502569542628,0.97282,910,0.91,425,485,0.485,410,15,485,0,0.9647058823529412,1.0,0.03,0.0,0,100,0.02951304960703993,3,100,0.07571079374983006,15.0,0.015,0.016483516483516484,0.965,1.0,0.9649921232277263,1.0,0.9210376794258374,1.0,1.0,1.0,0.0,0.06796116504854369,0.0,0.0,0.0,0.035,0.87,0.945,0.42,0.555
classification__embedding__granite97m__logistic_regression,classification,embedding,granite97m,logistic_regression,COMPLETED_DEVELOPMENT_OOF,,10.1715533999959,1.0065158799872733,0.03153003482012809,1114,0.8931777378815081,0.8705424820721743,0.32630503710416636,0.1676821438074991,0.03919562510928007,0.9523809523809523,463,0.4156193895870736,651,0,False,12,0.02591792656587473,5,5,372,0.013440860215053764,1,89,0.052193770838550514,6,0.95,0.8584552607675171,0.9264328372056684,0.8287759677449665,0.9069551500626856,0.35714126701437476,0.47724423400485394,0.004328075358118278,0.05648647711794595,,,,,,,,,,,,,,,,,,,,,,,,,,,,,,,,,,,,,,,,,,,,,,
classification__embedding__granite97m__decision_tree,classification,embedding,granite97m,decision_tree,COMPLETED_DEVELOPMENT_OOF,,14.792431099980604,1.9508216600166635,0.02741099047033472,1114,0.5430879712746858,0.5073359028188007,1.1805753547234905,0.6283472930303172,0.04848535222623137,0.5757575757575758,0,0.0,1114,0,False,0,,0,0,0,,0,0,,80,0.95,0.49685506235432225,0.5883928571428572,0.46114426996919494,0.5473400841069015,0.0,0.0,,,,,,,,,,,,,,,,,,,,,,,,,,,,,,,,,,,,,,,,,,,,,,,,
classification__embedding__granite97m__linear_svm,classification,embedding,granite97m,linear_svm,COMPLETED_DEVELOPMENT_OOF,,11.973731499980204,1.304701039986685,0.02932185177406885,1114,0.9102333931777379,0.8885504578656698,0.2738517800112911,0.139725758387224,0.03310681332803133,0.9696969696969697,574,0.5152603231597845,540,0,False,9,0.0156794425087108,5,5,452,0.011061946902654867,1,107,0.043567053938272725,6,0.95,0.8775404960190354,0.9403938457268097,0.8497943852004092,0.9240321761036491,0.45575787354622044,0.5747770631594161,0.0018826265935773853,0.03902568990165922,,,,,,,,,,,,,,,,,,,,,,,,,,,,,,,,,,,,,,,,,,,,,,
classification__embedding__granite97m__mlp,classification,embedding,granite97m,mlp,COMPLETED_DEVELOPMENT_OOF,,315.7787516999524,61.91176776000066,0.16344478820026226,1114,0.9039497307001796,0.8855472543711083,0.31074788424668,0.15239451976727736,0.02893792408329621,0.9264069264069265,694,0.6229802513464991,420,0,False,33,0.04755043227665706,5,12,529,0.022684310018903593,4,121,0.0740490822047538,5,0.95,0.8699883606646373,0.9356919175773076,0.8458840431317702,0.9205944590691989,0.562829615546833,0.676585239085239,0.023389315680505614,0.0780582558414626,,,,,,,,,,,,,,,,,,,,,,,,,,,,,,,,,,,,,,,,,,,,,,
classification__embedding__granite97m__xgboost,classification,embedding,granite97m,xgboost,COMPLETED_DEVELOPMENT_OOF,,351.8746379999793,69.26374125999864,0.04791906567064136,1114,0.7998204667863554,0.7621090115403306,0.5755999487266579,0.29648871492822687,0.03887891665512721,0.8484848484848485,543,0.4874326750448833,571,0,False,22,0.040515653775322284,5,7,437,0.016018306636155607,3,117,0.06493501474507489,16,0.95,0.7576015118344418,0.8423471322000733,0.7173753967673893,0.80390731007775,0.43076544315129817,0.5429777383050826,0.01621548706980362,0.07157201637001016,,,,,,,,,,,,,,,,,,,,,,,,,,,,,,,,,,,,,,,,,,,,,,
deduplication__embedding__granite97m__logistic_regression,deduplication,embedding,granite97m,logistic_regression,COMPLETED_DEVELOPMENT_OOF,,11.537648800003808,0.6352926000021398,0.06388239999068901,1000,,,0.026396237724365855,0.004052382325765566,0.023901226155409065,,,,506,,,,,,,,,,,,,0.95,,,,,,,,,500,500,1.0,1.0,1.0,1.0,994,0.994,500,494,0.494,500,0,494,0,1.0,1.0,0.0,0.0,0,100,0.02951304960703993,0,100,0.02951304960703993,0.0,0.0,0.0,1.0,1.0,1.0,1.0,1.0,1.0,1.0,1.0,0.0,0.0,0.0,0.0,0.0,0.0,0.989,0.998,0.43,0.5640249999999998
deduplication__embedding__granite97m__decision_tree,deduplication,embedding,granite97m,decision_tree,COMPLETED_DEVELOPMENT_OOF,,18.310097299981862,2.397904880007263,0.04948720009997487,1000,,,0.16197665344506076,0.03840591578340329,0.006097011328163723,,,,892,,,,,,,,,,,,,0.95,,,,,,,,,500,500,0.959,0.9592039800995025,0.9716869144005539,0.9736900000000002,200,0.2,92,108,0.108,86,6,104,4,0.9347826086956522,0.9629629629629629,0.012,0.008,4,100,0.0891962501588798,2,100,0.06161920039604067,26.0,0.026,0.13,0.938,0.977,0.9368930838328517,0.9777792352237146,0.8260869565217391,1.0,0.9176440266828381,0.9926497229326513,0.0,0.030612244897959183,0.001869158878504673,0.016494845360824743,0.008,0.049,0.145,0.26,0.06997500000000005,0.152
deduplication__embedding__granite97m__linear_svm,deduplication,embedding,granite97m,linear_svm,COMPLETED_DEVELOPMENT_OOF,,13.47656600002665,1.4112765800207854,0.057575899932999164,1000,,,0.017485678384741476,0.0015220137199490993,0.016626210626361125,,,,512,,,,,,,,,,,,,0.95,,,,,,,,,500,500,1.0,1.0,1.0,1.0,987,0.987,499,488,0.488,499,0,488,0,1.0,1.0,0.0,0.0,0,100,0.02951304960703993,0,100,0.02951304960703993,0.0,0.0,0.0,1.0,1.0,1.0,1.0,1.0,1.0,1.0,1.0,0.0,0.0,0.0,0.0,0.0,0.0,0.979,0.994,0.42397500000000005,0.557
deduplication__embedding__granite97m__mlp,deduplication,embedding,granite97m,mlp,COMPLETED_DEVELOPMENT_OOF,,314.4760185999912,61.43368157997029,0.2441652999841608,1000,,,0.008119924796852224,0.00022398843241796761,0.007997724381437813,,,,504,,,,,,,,,,,,,0.95,,,,,,,,,500,500,1.0,1.0,1.0,1.0,995,0.995,499,496,0.496,499,0,496,0,1.0,1.0,0.0,0.0,0,100,0.02951304960703993,0,100,0.02951304960703993,0.0,0.0,0.0,1.0,1.0,1.0,1.0,1.0,1.0,1.0,1.0,0.0,0.0,0.0,0.0,0.0,0.0,0.99,0.999,0.431,0.5670249999999998
deduplication__embedding__granite97m__xgboost,deduplication,embedding,granite97m,xgboost,COMPLETED_DEVELOPMENT_OOF,,105.38001140003325,19.689146480010823,0.06425900000613183,1000,,,0.03691832264541628,0.010166246794247769,0.01414368921294775,,,,565,,,,,,,,,,,,,0.95,,,,,,,,,500,500,0.983,0.9831849653808111,0.9996468065120346,0.9996399999999999,929,0.929,494,435,0.435,492,2,435,0,0.9959514170040485,1.0,0.004,0.0,0,100,0.02951304960703993,1,100,0.046559811453538914,2.0,0.002,0.002152852529601722,0.968,0.995,0.9678754355881942,0.9949544640379424,0.9866063938159156,1.0,1.0,1.0,0.0,0.013047061634018135,0.0,0.0,0.0,0.006,0.896,0.9560249999999998,0.372,0.502
classification__embedding__multilingual_e5_small__logistic_regression,classification,embedding,multilingual_e5_small,logistic_regression,COMPLETED_DEVELOPMENT_OOF,,9.518310299958102,0.8416122799972072,0.029878315833799175,1114,0.9138240574506283,0.8995655741082923,0.26767938112246814,0.14204125419988992,0.03924339148122703,0.9653679653679653,744,0.6678635547576302,370,0,False,22,0.02956989247311828,6,7,592,0.011824324324324325,3,141,0.054069633596586834,13,0.95,0.8817177780992334,0.9416071097365042,0.8595517212849739,0.933027015127808,0.6161365235046321,0.7199281867145422,0.01041599025974026,0.054127295297795974,,,,,,,,,,,,,,,,,,,,,,,,,,,,,,,,,,,,,,,,,,,,,,
classification__embedding__multilingual_e5_small__decision_tree,classification,embedding,multilingual_e5_small,decision_tree,COMPLETED_DEVELOPMENT_OOF,,14.803945600055158,1.9247080000001007,0.027927786073299366,1114,0.5179533213644524,0.49103263791392365,1.1795838941820318,0.6263601892457714,0.035912811963817196,0.5108225108225108,0,0.0,1114,0,False,0,,0,0,0,,0,0,,44,0.95,0.4695867807943797,0.5640621705265412,0.4445362670236569,0.533109424547627,0.0,0.0,,,,,,,,,,,,,,,,,,,,,,,,,,,,,,,,,,,,,,,,,,,,,,,,
classification__embedding__multilingual_e5_small__linear_svm,classification,embedding,multilingual_e5_small,linear_svm,COMPLETED_DEVELOPMENT_OOF,,13.93114149995381,1.7216195599990898,0.029830154773890033,1114,0.9371633752244165,0.9243971610426904,0.19180189702577308,0.1018904699877651,0.030406508502717654,0.9783549783549783,789,0.7082585278276481,325,0,False,21,0.026615969581749048,3,3,612,0.004901960784313725,1,140,0.03343503043921748,7,0.95,0.9120519874448554,0.9594959495949595,0.8938305717087979,0.9494112398408789,0.653078340167105,0.7574432275527437,0.0074796784306230745,0.050942934219411234,,,,,,,,,,,,,,,,,,,,,,,,,,,,,,,,,,,,,,,,,,,,,,
classification__embedding__multilingual_e5_small__mlp,classification,embedding,multilingual_e5_small,mlp,COMPLETED_DEVELOPMENT_OOF,,527.744969899999,104.36294032000005,0.13865469311279358,1114,0.9174147217235189,0.9009087849317552,0.2812201085379749,0.13407587787111358,0.0186318168899905,0.9523809523809523,838,0.7522441651705566,276,0,False,30,0.03579952267303103,5,9,636,0.014150943396226415,4,143,0.06286396251552447,7,0.95,0.8849955076370171,0.9448050677105374,0.8643870012609816,0.9330458258626303,0.7002631860990035,0.8003626265965584,0.013959243300672884,0.06192996261521602,,,,,,,,,,,,,,,,,,,,,,,,,,,,,,,,,,,,,,,,,,,,,,
classification__embedding__multilingual_e5_small__xgboost,classification,embedding,multilingual_e5_small,xgboost,COMPLETED_DEVELOPMENT_OOF,,357.488679699949,70.36554371998645,0.048710917906572566,1114,0.7872531418312387,0.7559410364216237,0.58693562752521,0.31274200472742375,0.036962567240545516,0.7965367965367965,475,0.4263913824057451,639,0,False,35,0.07368421052631578,8,8,354,0.022598870056497175,3,104,0.07286575791090472,26,0.95,0.7451270997123306,0.8269066896548966,0.7125247641242629,0.797249386988296,0.37096447547980604,0.48126075178731004,0.03628782642089094,0.11778570560350066,,,,,,,,,,,,,,,,,,,,,,,,,,,,,,,,,,,,,,,,,,,,,,
deduplication__embedding__multilingual_e5_small__logistic_regression,deduplication,embedding,multilingual_e5_small,logistic_regression,COMPLETED_DEVELOPMENT_OOF,,8.765334099996835,0.48563616001047194,0.053053599898703396,1000,,,0.06637773162964829,0.019045274380701815,0.012549144798490827,,,,507,,,,,,,,,,,,,0.95,,,,,,,,,500,500,0.974,0.9738955823293173,0.997409965863862,0.99748,971,0.971,478,493,0.493,474,4,484,9,0.9916317991631799,0.9817444219066938,0.008,0.018,4,100,0.0891962501588798,3,100,0.07571079374983006,49.0,0.049,0.05046343975283213,0.96,0.986,0.9589307901392364,0.9867291814758961,0.9796368547418968,1.0,0.9593656476308183,0.998039311615057,0.0,0.018872416891284792,0.002019696969696971,0.038942862639476696,0.009,0.102,0.959,0.982,0.42997500000000005,0.561
deduplication__embedding__multilingual_e5_small__decision_tree,deduplication,embedding,multilingual_e5_small,decision_tree,COMPLETED_DEVELOPMENT_OOF,,20.712681799952406,2.879181259998586,0.047697799920570105,1000,,,0.4024890871666317,0.11950844259032965,0.03781625489057053,,,,1000,,,,,,,,,,,,,0.95,,,,,,,,,500,500,0.856,0.861271676300578,0.8287164812933747,0.876386,0,0.0,0,0,0.0,0,0,0,0,,,0.0,0.0,0,100,0.02951304960703993,0,100,0.02951304960703993,0.0,0.0,,0.819975,0.892,0.8172015964432385,0.890593554902318,,,,,0.0,0.0,0.0,0.0,0.0,0.0,0.0,0.0,0.0,0.0
deduplication__embedding__multilingual_e5_small__linear_svm,deduplication,embedding,multilingual_e5_small,linear_svm,COMPLETED_DEVELOPMENT_OOF,,14.135544500022661,1.644256279990077,0.05166749987984076,1000,,,0.028807394185260873,0.006376687416329032,0.015410928819647597,,,,511,,,,,,,,,,,,,0.95,,,,,,,,,500,500,0.991,0.990990990990991,0.999831900187401,0.9998319999999999,981,0.981,492,489,0.489,489,3,489,0,0.9939024390243902,1.0,0.006,0.0,0,100,0.02951304960703993,3,100,0.07571079374983006,3.0,0.003,0.0030581039755351682,0.983,0.997,0.9829133530096222,0.996997114226772,0.9857142857142858,1.0,1.0,1.0,0.0,0.013461538461538462,0.0,0.0,0.0,0.007,0.969,0.991,0.42597500000000005,0.559
deduplication__embedding__multilingual_e5_small__mlp,deduplication,embedding,multilingual_e5_small,mlp,COMPLETED_DEVELOPMENT_OOF,,594.8573777999845,117.45881337999599,0.2207578000961803,1000,,,0.01706414477581248,0.00345894734119057,0.009418174037223002,,,,507,,,,,,,,,,,,,0.95,,,,,,,,,500,500,0.995,0.9950149551345963,0.9999360379385349,0.9999359999999999,986,0.986,493,493,0.493,492,1,493,0,0.9979716024340771,1.0,0.002,0.0,0,100,0.02951304960703993,1,100,0.046559811453538914,1.0,0.001,0.0010141987829614604,0.989,0.999,0.9889689542121518,0.9989998789853572,0.9933774834437086,1.0,1.0,1.0,0.0,0.006382978723404255,0.0,0.0,0.0,0.003,0.974,0.995,0.427,0.5630249999999998
deduplication__embedding__multilingual_e5_small__xgboost,deduplication,embedding,multilingual_e5_small,xgboost,COMPLETED_DEVELOPMENT_OOF,,123.24764369998593,23.336960539990105,0.07109410007251427,1000,,,0.04747680193946841,0.010040900921722112,0.009439944004845748,,,,613,,,,,,,,,,,,,0.95,,,,,,,,,500,500,0.987,0.9869608826479438,0.9982753374374345,0.9978959999999999,768,0.768,381,387,0.387,381,0,387,0,1.0,1.0,0.0,0.0,0,100,0.02951304960703993,0,100,0.02951304960703993,0.0,0.0,0.0,0.973975,0.997,0.9729337775760692,0.9969915649466164,1.0,1.0,1.0,1.0,0.0,0.0,0.0,0.0,0.0,0.0,0.711,0.825,0.32,0.456
classification__embedding__multilingual_minilm_l12__logistic_regression,classification,embedding,multilingual_minilm_l12,logistic_regression,COMPLETED_DEVELOPMENT_OOF,,9.655899800010957,0.8614555400097743,0.03921762187504186,1114,0.8608617594254937,0.8289009813454858,0.42200936837727837,0.20993756136107491,0.05436275434914904,0.948051948051948,544,0.4883303411131059,570,0,False,29,0.05330882352941176,4,7,440,0.015909090909090907,3,114,0.06660805423766193,10,0.95,0.8199775419111938,0.8958176023337618,0.7838786967091823,0.8696345091593879,0.4353218818517012,0.542678127787743,0.027551142597759922,0.08807442848548654,,,,,,,,,,,,,,,,,,,,,,,,,,,,,,,,,,,,,,,,,,,,,,
classification__embedding__multilingual_minilm_l12__decision_tree,classification,embedding,multilingual_minilm_l12,decision_tree,COMPLETED_DEVELOPMENT_OOF,,15.203519799979404,2.005940939974971,0.027200197539421385,1114,0.5816876122082585,0.5572593501870086,1.1162743444073306,0.5890274936663298,0.03878437711265919,0.5974025974025974,0,0.0,1114,0,False,0,,0,0,0,,0,0,,52,0.95,0.5370477380950426,0.6262688402763239,0.5077414793189982,0.5992325749303357,0.0,0.0,,,,,,,,,,,,,,,,,,,,,,,,,,,,,,,,,,,,,,,,,,,,,,,,
classification__embedding__multilingual_minilm_l12__linear_svm,classification,embedding,multilingual_minilm_l12,linear_svm,COMPLETED_DEVELOPMENT_OOF,,10.05269009998301,0.9706520400126465,0.033139789586292545,1114,0.8752244165170556,0.8495946126571701,0.3782157417555666,0.18673726245511577,0.03998996091796807,0.9437229437229437,553,0.4964093357271095,561,0,False,19,0.034358047016274866,4,6,433,0.013856812933025405,2,110,0.05612708514646989,11,0.95,0.8381222049387517,0.908285143165769,0.8056914448822794,0.8884771805154763,0.44162748596316315,0.5515448565656301,0.014360733521415751,0.059650126321375375,,,,,,,,,,,,,,,,,,,,,,,,,,,,,,,,,,,,,,,,,,,,,,
classification__embedding__multilingual_minilm_l12__mlp,classification,embedding,multilingual_minilm_l12,mlp,COMPLETED_DEVELOPMENT_OOF,,167.41335819999222,32.35247690000106,0.06153401922317227,1114,0.8725314183123878,0.8468338803058549,0.41373819416865126,0.20087301539981434,0.05231017703677823,0.9437229437229437,350,0.3141831238779174,764,0,False,23,0.06571428571428571,4,6,273,0.02197802197802198,3,67,0.1116775180911628,8,0.95,0.8342255738443978,0.9073950331453448,0.8054036205713732,0.8854809374971361,0.2575913621262459,0.37263768602061276,0.028814543218487865,0.11401349464867376,,,,,,,,,,,,,,,,,,,,,,,,,,,,,,,,,,,,,,,,,,,,,,
classification__embedding__multilingual_minilm_l12__xgboost,classification,embedding,multilingual_minilm_l12,xgboost,COMPLETED_DEVELOPMENT_OOF,,375.5290747000254,73.96437616000185,0.05175004514033959,1114,0.7944344703770198,0.7526807967278596,0.5831733744322409,0.296796072664947,0.047272072002380185,0.8484848484848485,404,0.362657091561939,710,0,False,15,0.03712871287128713,4,4,314,0.012738853503184714,1,83,0.05588199386843558,20,0.95,0.7518050541516246,0.8340959513723556,0.7090353890969464,0.7922062504188058,0.30610044299982503,0.41803061298163696,0.012869304634326105,0.06896948990942314,,,,,,,,,,,,,,,,,,,,,,,,,,,,,,,,,,,,,,,,,,,,,,
deduplication__embedding__multilingual_minilm_l12__logistic_regression,deduplication,embedding,multilingual_minilm_l12,logistic_regression,COMPLETED_DEVELOPMENT_OOF,,9.303320200007875,0.611588399996981,0.061242899973876774,1000,,,0.03680134059103419,0.007917107639259008,0.018904237935057543,,,,514,,,,,,,,,,,,,0.95,,,,,,,,,500,500,0.993,0.9930209371884346,0.9994275105380894,0.999456,983,0.983,497,486,0.486,493,4,486,0,0.9919517102615694,1.0,0.008,0.0,0,100,0.02951304960703993,3,100,0.07571079374983006,4.0,0.004,0.004069175991861648,0.985,0.999,0.9859384566068274,0.9989856355855267,0.9803484853694598,1.0,1.0,1.0,0.0,0.018752948113207532,0.0,0.0,0.0,0.01,0.973,0.992,0.422,0.5570249999999999
deduplication__embedding__multilingual_minilm_l12__decision_tree,deduplication,embedding,multilingual_minilm_l12,decision_tree,COMPLETED_DEVELOPMENT_OOF,,20.838872899999842,2.9052433599950747,0.055193600011989474,1000,,,0.37039011288665336,0.10300821533313415,0.04125890983861735,,,,905,,,,,,,,,,,,,0.95,,,,,,,,,500,500,0.881,0.885024154589372,0.8179045096946969,0.8790460000000001,95,0.095,0,95,0.095,0,0,84,11,,0.8842105263157894,0.0,0.022,7,100,0.12745801558297032,0,100,0.02951304960703993,55.0,0.055,0.5789473684210527,0.852,0.91,0.8495236761942419,0.9086887240445082,,,0.7592509920634921,0.968421052631579,0.0,0.0,0.005998514851485151,0.04381428571428569,0.015,0.11,0.061,0.134,0.061,0.134
deduplication__embedding__multilingual_minilm_l12__linear_svm,deduplication,embedding,multilingual_minilm_l12,linear_svm,COMPLETED_DEVELOPMENT_OOF,,11.433239200036041,1.0323203400010244,0.05971510004019365,1000,,,0.025137991132106515,0.004415293614880258,0.015641715431191812,,,,512,,,,,,,,,,,,,0.95,,,,,,,,,500,500,0.996,0.9960159362549801,0.9998638650368747,0.999868,990,0.99,502,488,0.488,499,3,488,0,0.9940239043824701,1.0,0.006,0.0,0,100,0.02951304960703993,2,100,0.06161920039604067,3.0,0.003,0.0030303030303030303,0.99,1.0,0.9909276193861112,1.0,0.9830453917218303,1.0,1.0,1.0,0.0,0.016366916588566056,0.0,0.0,0.0,0.008,0.982,0.996,0.424,0.5580249999999999
deduplication__embedding__multilingual_minilm_l12__mlp,deduplication,embedding,multilingual_minilm_l12,mlp,COMPLETED_DEVELOPMENT_OOF,,177.0236639000359,34.00837506002281,0.18611359997885302,1000,,,0.013829633236939276,0.001945767322515232,0.007562802478976061,,,,505,,,,,,,,,,,,,0.95,,,,,,,,,500,500,0.998,0.998003992015968,0.9999351513828578,0.999936,992,0.992,497,495,0.495,496,1,495,0,0.9979879275653923,1.0,0.002,0.0,0,100,0.02951304960703993,1,100,0.046559811453538914,1.0,0.001,0.0010080645161290322,0.995,1.0,0.9949848291080519,1.0,0.9933477457501848,1.0,1.0,1.0,0.0,0.0064516129032258064,0.0,0.0,0.0,0.003,0.984,0.998,0.43,0.5650249999999998
deduplication__embedding__multilingual_minilm_l12__xgboost,deduplication,embedding,multilingual_minilm_l12,xgboost,COMPLETED_DEVELOPMENT_OOF,,125.61200369999278,23.80219884000253,0.06620250002015382,1000,,,0.03375674627159091,0.00928558592644793,0.012240013748588584,,,,517,,,,,,,,,,,,,0.95,,,,,,,,,500,500,0.987,0.9871414441147379,0.999749240912975,0.999748,991,0.991,508,483,0.483,498,10,483,0,0.9803149606299213,1.0,0.02,0.0,0,100,0.02951304960703993,5,100,0.10225337764327444,10.0,0.01,0.010090817356205853,0.972,0.997,0.9729398179169289,0.9969749495572838,0.9537021707137602,0.9979084912116566,1.0,1.0,0.002173913043478261,0.04572142857142853,0.0,0.0,0.001,0.023,0.982,0.998,0.418,0.5520249999999999
classification__hybrid__granite97m__logistic_regression,classification,hybrid,granite97m,logistic_regression,COMPLETED_DEVELOPMENT_OOF,,52.394862100016326,8.570509120007046,0.6748865476898712,1114,0.9245960502692998,0.9154359819750504,0.2067288284001236,0.10656514570614539,0.03732830432956012,0.961038961038961,755,0.677737881508079,359,0,False,2,0.0026490066225165563,0,0,586,0.0,0,127,0.023312410428213085,5,0.95,0.8945420666290231,0.9506759548200261,0.881116136964232,0.9460634888713173,0.6182750693329441,0.7347122302158273,0.0,0.006650048776666946,,,,,,,,,,,,,,,,,,,,,,,,,,,,,,,,,,,,,,,,,,,,,,
classification__hybrid__granite97m__decision_tree,classification,hybrid,granite97m,decision_tree,COMPLETED_DEVELOPMENT_OOF,,71.09526550001465,12.394375680002849,0.6162619025577285,1114,0.7028725314183124,0.6894718512397393,0.8881808787562553,0.4571745947434743,0.052677210733215386,0.6277056277056277,0,0.0,1114,0,False,0,,0,0,0,,0,0,,56,0.95,0.6574480881336782,0.7466478945373305,0.641132102073348,0.7333390690504487,0.0,0.0,,,,,,,,,,,,,,,,,,,,,,,,,,,,,,,,,,,,,,,,,,,,,,,,
classification__hybrid__granite97m__linear_svm,classification,hybrid,granite97m,linear_svm,COMPLETED_DEVELOPMENT_OOF,,53.1535621000221,8.785087079997174,0.6481355695841322,1114,0.9551166965888689,0.9519864190680889,0.1646946268005702,0.08051001828965786,0.04258825833593999,0.9696969696969697,769,0.6903052064631957,345,0,False,3,0.0039011703511053317,0,0,596,0.0,0,129,0.022955158445512647,5,0.95,0.9345170779277875,0.9730470308099549,0.9266619664233166,0.9710725285021385,0.6322402173913044,0.7450618404698657,0.0,0.008860759493670886,,,,,,,,,,,,,,,,,,,,,,,,,,,,,,,,,,,,,,,,,,,,,,
classification__hybrid__granite97m__mlp,classification,hybrid,granite97m,mlp,COMPLETED_DEVELOPMENT_OOF,,700.4949644999579,138.24593222001567,0.619647580196971,1114,0.9452423698384201,0.9382728630699373,0.18010876054613112,0.08112009790323037,0.026402550133436946,0.961038961038961,822,0.7378815080789947,292,0,False,3,0.0036496350364963502,0,0,618,0.0,0,131,0.02260869016963998,5,0.95,0.9221125183267811,0.9664057876210945,0.9114677667697599,0.9616410904307893,0.6800554575426316,0.7868705035971223,0.0,0.010155216566859748,,,,,,,,,,,,,,,,,,,,,,,,,,,,,,,,,,,,,,,,,,,,,,
classification__hybrid__granite97m__xgboost,classification,hybrid,granite97m,xgboost,COMPLETED_DEVELOPMENT_OOF,,1192.6574018999818,236.27747555999085,0.7718540576248917,1114,0.8850987432675045,0.8704666788475377,0.3648567399626015,0.17842921488589591,0.019253331403778235,0.8701298701298701,618,0.5547576301615799,496,0,False,30,0.04854368932038835,3,4,477,0.008385744234800839,3,116,0.06548327985535145,24,0.95,0.8490887719875062,0.9172618048427993,0.8290393951096985,0.9057247347510176,0.49776155995187704,0.6113074997938223,0.02009196052054115,0.08223788307794803,,,,,,,,,,,,,,,,,,,,,,,,,,,,,,,,,,,,,,,,,,,,,,
deduplication__hybrid__granite97m__logistic_regression,deduplication,hybrid,granite97m,logistic_regression,COMPLETED_DEVELOPMENT_OOF,,78.48135439999169,13.120933000009973,1.2086382999550551,1000,,,0.006832397862839095,7.024880363247515e-05,0.006796955201513799,,,,500,,,,,,,,,,,,,0.95,,,,,,,,,500,500,1.0,1.0,1.0,1.0,1000,1.0,500,500,0.5,500,0,500,0,1.0,1.0,0.0,0.0,0,100,0.02951304960703993,0,100,0.02951304960703993,0.0,0.0,0.0,1.0,1.0,1.0,1.0,1.0,1.0,1.0,1.0,0.0,0.0,0.0,0.0,0.0,0.0,1.0,1.0,0.435,0.57
deduplication__hybrid__granite97m__decision_tree,deduplication,hybrid,granite97m,decision_tree,COMPLETED_DEVELOPMENT_OOF,,112.83845350000774,19.79471212000353,1.405005699954927,1000,,,0.09639410763846107,0.021972654270075966,0.0048428706888559835,,,,622,,,,,,,,,,,,,0.95,,,,,,,,,500,500,0.977,0.9771144278606965,0.9865521485836093,0.989568,795,0.795,417,378,0.378,403,14,376,2,0.9664268585131894,0.9947089947089947,0.028,0.004,2,100,0.06161920039604067,5,100,0.10225337764327444,24.0,0.024,0.03018867924528302,0.958975,0.992,0.9588656134372636,0.9918466335984323,0.9285589990056348,0.9935632612535117,0.986262790240063,1.0,0.005503336113427859,0.058591800356506206,0.0,0.010101010101010102,0.007,0.045024999999999864,0.737,0.853,0.31197500000000006,0.446
deduplication__hybrid__granite97m__linear_svm,deduplication,hybrid,granite97m,linear_svm,COMPLETED_DEVELOPMENT_OOF,,81.7861719999928,13.643170500011184,1.232112500059884,1000,,,0.0065302786560506405,4.683213093153494e-05,0.00650673746782493,,,,500,,,,,,,,,,,,,0.95,,,,,,,,,500,500,1.0,1.0,1.0,1.0,1000,1.0,500,500,0.5,500,0,500,0,1.0,1.0,0.0,0.0,0,100,0.02951304960703993,0,100,0.02951304960703993,0.0,0.0,0.0,1.0,1.0,1.0,1.0,1.0,1.0,1.0,1.0,0.0,0.0,0.0,0.0,0.0,0.0,1.0,1.0,0.435,0.57
deduplication__hybrid__granite97m__mlp,deduplication,hybrid,granite97m,mlp,COMPLETED_DEVELOPMENT_OOF,,343.44704120000824,65.93417143998667,1.339908599969931,1000,,,0.006229395711131189,3.861057796661189e-05,0.006210009927845261,,,,500,,,,,,,,,,,,,0.95,,,,,,,,,500,500,1.0,1.0,1.0,1.0,1000,1.0,500,500,0.5,500,0,500,0,1.0,1.0,0.0,0.0,0,100,0.02951304960703993,0,100,0.02951304960703993,0.0,0.0,0.0,1.0,1.0,1.0,1.0,1.0,1.0,1.0,1.0,0.0,0.0,0.0,0.0,0.0,0.0,1.0,1.0,0.435,0.57
deduplication__hybrid__granite97m__xgboost,deduplication,hybrid,granite97m,xgboost,COMPLETED_DEVELOPMENT_OOF,,311.39076490001753,59.286637920001525,1.2622021000715904,1000,,,0.0809702102705766,0.014873584642610736,0.007391614947206526,,,,515,,,,,,,,,,,,,0.95,,,,,,,,,500,500,0.985,0.9852216748768473,0.9907092878031302,0.9930439999999999,1000,1.0,515,485,0.485,500,15,485,0,0.970873786407767,1.0,0.03,0.0,0,100,0.02951304960703993,3,100,0.07571079374983006,15.0,0.015,0.015,0.965,1.0,0.9649921232277263,1.0,0.9339465408805032,1.0,1.0,1.0,0.0,0.06796116504854369,0.0,0.0,0.0,0.035,1.0,1.0,0.42,0.555
classification__hybrid__multilingual_e5_small__logistic_regression,classification,hybrid,multilingual_e5_small,logistic_regression,COMPLETED_DEVELOPMENT_OOF,,52.22080700000515,8.566081139980815,0.6390841789426104,1114,0.921903052064632,0.9134195913443824,0.22240120541885677,0.11193428211452038,0.03193633488142887,0.9567099567099567,706,0.6337522441651705,408,0,False,2,0.0028328611898017,0,0,542,0.0,0,120,0.024655401055656376,5,0.95,0.8904847396768402,0.9485410628905926,0.8782486809729774,0.9443860997703799,0.5760576057605761,0.6896036150309179,0.0,0.0070921985815602835,,,,,,,,,,,,,,,,,,,,,,,,,,,,,,,,,,,,,,,,,,,,,,
classification__hybrid__multilingual_e5_small__decision_tree,classification,hybrid,multilingual_e5_small,decision_tree,COMPLETED_DEVELOPMENT_OOF,,71.14173580001807,12.391208880010527,0.6288060999085362,1114,0.6938958707360862,0.6775249088338052,0.9148737677166723,0.4618887250727784,0.04255607497635332,0.5974025974025974,0,0.0,1114,0,False,0,,0,0,0,,0,0,,50,0.95,0.65,0.7336322869955157,0.6296807879140809,0.7172693306811011,0.0,0.0,,,,,,,,,,,,,,,,,,,,,,,,,,,,,,,,,,,,,,,,,,,,,,,,
classification__hybrid__multilingual_e5_small__linear_svm,classification,hybrid,multilingual_e5_small,linear_svm,COMPLETED_DEVELOPMENT_OOF,,54.66602820000844,9.094816239993088,0.6473562359307848,1114,0.9497307001795332,0.9466436130954713,0.18109050315427153,0.08740048355343813,0.04107129397933325,0.9567099567099567,778,0.6983842010771992,336,0,False,4,0.005141388174807198,0,0,605,0.0,0,131,0.02260869016963998,5,0.95,0.9270731483794367,0.9699403363713238,0.9200805304203276,0.9678457373080395,0.640671172739228,0.7527221960024911,0.0012391573729863693,0.010653174494532432,,,,,,,,,,,,,,,,,,,,,,,,,,,,,,,,,,,,,,,,,,,,,,
classification__hybrid__multilingual_e5_small__mlp,classification,hybrid,multilingual_e5_small,mlp,COMPLETED_DEVELOPMENT_OOF,,696.5519045999972,137.39072829999495,0.6429852459878547,1114,0.9425493716337523,0.9360510722895425,0.20368632901203337,0.09109528243099853,0.027529650083323795,0.9437229437229437,800,0.718132854578097,314,0,False,5,0.00625,0,0,602,0.0,0,129,0.022955158445512647,4,0.95,0.9181636261647748,0.9647728187452892,0.9070590884645214,0.9606484818970334,0.6603342325583693,0.7701372901045517,0.0,0.01610842469465171,,,,,,,,,,,,,,,,,,,,,,,,,,,,,,,,,,,,,,,,,,,,,,
classification__hybrid__multilingual_e5_small__xgboost,classification,hybrid,multilingual_e5_small,xgboost,COMPLETED_DEVELOPMENT_OOF,,1145.5571179999388,227.03809448002139,0.6793307486409167,1114,0.8797127468581688,0.868167275384003,0.35732259236443015,0.1800580463246179,0.03630703582136059,0.8268398268398268,314,0.28186714542190305,800,0,False,6,0.01910828025477707,1,1,265,0.0037735849056603774,1,65,0.07091401853303764,20,0.95,0.8478206962794527,0.90942426336071,0.82991725771742,0.9020596256148691,0.22931654676258992,0.33718912935529255,0.0,0.045324107659390774,,,,,,,,,,,,,,,,,,,,,,,,,,,,,,,,,,,,,,,,,,,,,,
deduplication__hybrid__multilingual_e5_small__logistic_regression,deduplication,hybrid,multilingual_e5_small,logistic_regression,COMPLETED_DEVELOPMENT_OOF,,81.49857450008858,13.578012460004539,1.2213696000399068,1000,,,0.006804838458517249,6.915219880038683e-05,0.006769953934583128,,,,500,,,,,,,,,,,,,0.95,,,,,,,,,500,500,1.0,1.0,1.0,1.0,1000,1.0,500,500,0.5,500,0,500,0,1.0,1.0,0.0,0.0,0,100,0.02951304960703993,0,100,0.02951304960703993,0.0,0.0,0.0,1.0,1.0,1.0,1.0,1.0,1.0,1.0,1.0,0.0,0.0,0.0,0.0,0.0,0.0,1.0,1.0,0.435,0.57
deduplication__hybrid__multilingual_e5_small__decision_tree,deduplication,hybrid,multilingual_e5_small,decision_tree,COMPLETED_DEVELOPMENT_OOF,,114.59698469995055,20.185650140047073,1.288725099992007,1000,,,0.2797987841455149,0.05732597839745284,0.0458896944136081,,,,556,,,,,,,,,,,,,0.95,,,,,,,,,500,500,0.942,0.944337811900192,0.8638200177110443,0.931156,986,0.986,542,444,0.444,492,50,436,8,0.9077490774907749,0.9819819819819819,0.1,0.016,5,100,0.10225337764327444,13,100,0.19871979304248238,90.0,0.09,0.09127789046653144,0.9099750000000001,0.969,0.9119350390609815,0.968885091689733,0.852458220595257,0.956216237582018,0.9613023527613263,0.9959685483870968,0.04897732426303855,0.15842740816137682,0.003669724770642202,0.03333333333333333,0.045,0.141,0.972,0.997,0.378,0.5130249999999998
deduplication__hybrid__multilingual_e5_small__linear_svm,deduplication,hybrid,multilingual_e5_small,linear_svm,COMPLETED_DEVELOPMENT_OOF,,81.34567780001089,13.600102140009403,1.2376889998558909,1000,,,0.006513259557510798,4.637850140483715e-05,0.006489947767963966,,,,500,,,,,,,,,,,,,0.95,,,,,,,,,500,500,1.0,1.0,1.0,1.0,1000,1.0,500,500,0.5,500,0,500,0,1.0,1.0,0.0,0.0,0,100,0.02951304960703993,0,100,0.02951304960703993,0.0,0.0,0.0,1.0,1.0,1.0,1.0,1.0,1.0,1.0,1.0,0.0,0.0,0.0,0.0,0.0,0.0,1.0,1.0,0.435,0.57
deduplication__hybrid__multilingual_e5_small__mlp,deduplication,hybrid,multilingual_e5_small,mlp,COMPLETED_DEVELOPMENT_OOF,,346.1971379000461,66.50224373999518,1.3094287998974323,1000,,,0.0062281454336411525,3.859322618801352e-05,0.006208768387373942,,,,500,,,,,,,,,,,,,0.95,,,,,,,,,500,500,1.0,1.0,1.0,1.0,1000,1.0,500,500,0.5,500,0,500,0,1.0,1.0,0.0,0.0,0,100,0.02951304960703993,0,100,0.02951304960703993,0.0,0.0,0.0,1.0,1.0,1.0,1.0,1.0,1.0,1.0,1.0,0.0,0.0,0.0,0.0,0.0,0.0,1.0,1.0,0.435,0.57
deduplication__hybrid__multilingual_e5_small__xgboost,deduplication,hybrid,multilingual_e5_small,xgboost,COMPLETED_DEVELOPMENT_OOF,,314.8566082000034,59.96127509998623,1.249348200042732,1000,,,0.08546661669291541,0.014952465309719436,0.006650530158915147,,,,515,,,,,,,,,,,,,0.95,,,,,,,,,500,500,0.985,0.9852216748768473,0.947365968784389,0.9750639999999999,910,0.91,425,485,0.485,410,15,485,0,0.9647058823529412,1.0,0.03,0.0,0,100,0.02951304960703993,3,100,0.07571079374983006,15.0,0.015,0.016483516483516484,0.965,1.0,0.9649921232277263,1.0,0.9210376794258374,1.0,1.0,1.0,0.0,0.06796116504854369,0.0,0.0,0.0,0.035,0.87,0.945,0.42,0.555
classification__hybrid__multilingual_minilm_l12__logistic_regression,classification,hybrid,multilingual_minilm_l12,logistic_regression,COMPLETED_DEVELOPMENT_OOF,,50.658022300107405,8.238687160005792,0.6557898705744896,1114,0.926391382405745,0.9128113504774371,0.21746801753973022,0.11080684174979587,0.03552794470129511,0.9653679653679653,759,0.6813285457809695,355,0,False,5,0.006587615283267457,0,0,578,0.0,0,131,0.02260869016963998,12,0.95,0.898030374940674,0.9519929347826086,0.8769835835223867,0.9419039923352843,0.6251077586206897,0.7342239377618193,0.0012452912895051518,0.013755158184319119,,,,,,,,,,,,,,,,,,,,,,,,,,,,,,,,,,,,,,,,,,,,,,
classification__hybrid__multilingual_minilm_l12__decision_tree,classification,hybrid,multilingual_minilm_l12,decision_tree,COMPLETED_DEVELOPMENT_OOF,,70.07825489994138,12.125289699994028,0.6245126040147599,1114,0.7351885098743267,0.7120545519186732,0.8442972778718297,0.4197751480468764,0.051299905816549696,0.5974025974025974,0,0.0,1114,0,False,0,,0,0,0,,0,0,,29,0.95,0.6914765004020273,0.7786692239072256,0.6615890902736054,0.7571466392334487,0.0,0.0,,,,,,,,,,,,,,,,,,,,,,,,,,,,,,,,,,,,,,,,,,,,,,,,
classification__hybrid__multilingual_minilm_l12__linear_svm,classification,hybrid,multilingual_minilm_l12,linear_svm,COMPLETED_DEVELOPMENT_OOF,,50.03815959999338,8.178197859995999,0.695526987788326,1114,0.9515260323159784,0.9460468147866203,0.17269540310317555,0.08342512250725323,0.04387720067003692,0.9696969696969697,790,0.7091561938958707,324,0,False,3,0.0037974683544303796,0,0,600,0.0,0,130,0.02278060709122924,8,0.95,0.9298497844323819,0.9703523968930238,0.9206811557014459,0.9665329660702026,0.6518610227972104,0.7596796041211265,0.0,0.00890670546830062,,,,,,,,,,,,,,,,,,,,,,,,,,,,,,,,,,,,,,,,,,,,,,
classification__hybrid__multilingual_minilm_l12__mlp,classification,hybrid,multilingual_minilm_l12,mlp,COMPLETED_DEVELOPMENT_OOF,,687.5335225999588,135.61204336003865,0.7107639994274527,1114,0.9488330341113106,0.9413799904810745,0.17510472488391343,0.07820423821873418,0.020341245089344498,0.9653679653679653,850,0.7630161579892281,264,0,False,6,0.007058823529411765,0,0,636,0.0,0,133,0.02227252461917391,6,0.95,0.9256888200794318,0.9687792670168713,0.9136836085109757,0.9639974063119725,0.706761935732524,0.8129002979584449,0.0,0.019370805160670454,,,,,,,,,,,,,,,,,,,,,,,,,,,,,,,,,,,,,,,,,,,,,,
classification__hybrid__multilingual_minilm_l12__xgboost,classification,hybrid,multilingual_minilm_l12,xgboost,COMPLETED_DEVELOPMENT_OOF,,1139.8646270000609,225.76552240001038,0.6813402709591571,1114,0.8653500897666068,0.8432354495281849,0.40260859884600686,0.20052624431349697,0.05435879368027085,0.922077922077922,667,0.5987432675044884,447,0,False,16,0.0239880059970015,1,2,528,0.003787878787878788,2,135,0.04589903483036346,16,0.95,0.8312236253379381,0.8977449226560034,0.8033060728653388,0.8782309875835175,0.5453653475012872,0.6501808663201597,0.00868275432271233,0.04608472172988301,,,,,,,,,,,,,,,,,,,,,,,,,,,,,,,,,,,,,,,,,,,,,,
deduplication__hybrid__multilingual_minilm_l12__logistic_regression,deduplication,hybrid,multilingual_minilm_l12,logistic_regression,COMPLETED_DEVELOPMENT_OOF,,77.3508474000264,12.796575620002113,1.2046095002442598,1000,,,0.006963051246094828,7.441139118237148e-05,0.006925493090764734,,,,500,,,,,,,,,,,,,0.95,,,,,,,,,500,500,1.0,1.0,1.0,1.0,1000,1.0,500,500,0.5,500,0,500,0,1.0,1.0,0.0,0.0,0,100,0.02951304960703993,0,100,0.02951304960703993,0.0,0.0,0.0,1.0,1.0,1.0,1.0,1.0,1.0,1.0,1.0,0.0,0.0,0.0,0.0,0.0,0.0,1.0,1.0,0.435,0.57
deduplication__hybrid__multilingual_minilm_l12__decision_tree,deduplication,hybrid,multilingual_minilm_l12,decision_tree,COMPLETED_DEVELOPMENT_OOF,,109.777169900015,19.299505280004816,1.2071872998494655,1000,,,0.13330760122484675,0.03231861735227873,0.019005413504190716,,,,615,,,,,,,,,,,,,0.95,,,,,,,,,500,500,0.966,0.9668615984405458,0.9728304198897043,0.9801199999999999,800,0.8,415,385,0.385,385,30,385,0,0.927710843373494,1.0,0.06,0.0,0,100,0.02951304960703993,6,100,0.11498525560792089,30.0,0.03,0.0375,0.94,0.988,0.9409098875415667,0.9869421258434038,0.8674668059995082,0.9767441860465116,1.0,1.0,0.019230769230769232,0.11224489795918367,0.0,0.0,0.01,0.055,0.745,0.85,0.32,0.455
deduplication__hybrid__multilingual_minilm_l12__linear_svm,deduplication,hybrid,multilingual_minilm_l12,linear_svm,COMPLETED_DEVELOPMENT_OOF,,81.29964360001031,13.557935040001757,1.371537199942395,1000,,,0.006589180056461357,4.8614588431443897e-05,0.006564736367936752,,,,500,,,,,,,,,,,,,0.95,,,,,,,,,500,500,1.0,1.0,1.0,1.0,1000,1.0,500,500,0.5,500,0,500,0,1.0,1.0,0.0,0.0,0,100,0.02951304960703993,0,100,0.02951304960703993,0.0,0.0,0.0,1.0,1.0,1.0,1.0,1.0,1.0,1.0,1.0,0.0,0.0,0.0,0.0,0.0,0.0,1.0,1.0,0.435,0.57
deduplication__hybrid__multilingual_minilm_l12__mlp,deduplication,hybrid,multilingual_minilm_l12,mlp,COMPLETED_DEVELOPMENT_OOF,,339.44995780009776,65.23415224002675,1.2253344998462126,1000,,,0.006229020407107928,3.8603567422372336e-05,0.006209638158951036,,,,500,,,,,,,,,,,,,0.95,,,,,,,,,500,500,1.0,1.0,1.0,1.0,1000,1.0,500,500,0.5,500,0,500,0,1.0,1.0,0.0,0.0,0,100,0.02951304960703993,0,100,0.02951304960703993,0.0,0.0,0.0,1.0,1.0,1.0,1.0,1.0,1.0,1.0,1.0,0.0,0.0,0.0,0.0,0.0,0.0,1.0,1.0,0.435,0.57
deduplication__hybrid__multilingual_minilm_l12__xgboost,deduplication,hybrid,multilingual_minilm_l12,xgboost,COMPLETED_DEVELOPMENT_OOF,,317.04589139996096,60.391582360025495,1.232021400006488,1000,,,0.08547795622882023,0.014940681709457254,0.007074684484343341,,,,515,,,,,,,,,,,,,0.95,,,,,,,,,500,500,0.985,0.9852216748768473,0.9380682830432323,0.9728519999999999,910,0.91,425,485,0.485,410,15,485,0,0.9647058823529412,1.0,0.03,0.0,0,100,0.02951304960703993,3,100,0.07571079374983006,15.0,0.015,0.016483516483516484,0.965,1.0,0.9649921232277263,1.0,0.9210376794258374,1.0,1.0,1.0,0.0,0.06796116504854369,0.0,0.0,0.0,0.035,0.87,0.945,0.42,0.555
deduplication__metadata__none__logistic_regression,deduplication,metadata,,logistic_regression,COMPLETED_DEVELOPMENT_OOF,,7.322057799901813,0.2199437400093302,0.04147289996035397,1000,,,0.626870018011857,0.2226042158939912,0.050712132002191074,,,,1000,,,,,,,,,,,,,0.95,,,,,,,,,500,500,0.592,0.6433566433566433,0.6844782322066989,0.653984,0,0.0,0,0,0.0,0,0,0,0,,,0.0,0.0,0,100,0.02951304960703993,0,100,0.02951304960703993,0.0,0.0,,0.534,0.647,0.5248094921326627,0.6394525305904839,,,,,0.0,0.0,0.0,0.0,0.0,0.0,0.0,0.0,0.0,0.0
deduplication__metadata__none__decision_tree,deduplication,metadata,,decision_tree,COMPLETED_DEVELOPMENT_OOF,,7.476522700046189,0.2669098399812356,0.04077660001348704,1000,,,0.613956780462634,0.217449289307083,0.03718651167863191,,,,1000,,,,,,,,,,,,,0.95,,,,,,,,,500,500,0.6,0.6715927750410509,0.6621485079925511,0.641252,0,0.0,0,0,0.0,0,0,0,0,,,0.0,0.0,0,100,0.02951304960703993,0,100,0.02951304960703993,0.0,0.0,,0.54,0.6610249999999999,0.5183480775868428,0.6388574694575869,,,,,0.0,0.0,0.0,0.0,0.0,0.0,0.0,0.0,0.0,0.0
deduplication__metadata__none__linear_svm,deduplication,metadata,,linear_svm,COMPLETED_DEVELOPMENT_OOF,,7.4093943000771105,0.1934142000041902,0.032408100087195635,1000,,,0.5988380955661298,0.21287046072229052,0.05262914919364134,,,,1000,,,,,,,,,,,,,0.95,,,,,,,,,500,500,0.601,0.6274509803921569,0.6900500643837846,0.668148,0,0.0,0,0,0.0,0,0,0,0,,,0.0,0.0,0,100,0.02951304960703993,0,100,0.02951304960703993,0.0,0.0,,0.5489750000000001,0.6470249999999999,0.5509419983031456,0.6468220037846071,,,,,0.0,0.0,0.0,0.0,0.0,0.0,0.0,0.0,0.0,0.0
deduplication__metadata__none__mlp,deduplication,metadata,,mlp,COMPLETED_DEVELOPMENT_OOF,,84.55362850008532,15.717528480035252,0.028835900127887726,1000,,,0.6092730177813949,0.21656290761921257,0.07668394765507584,,,,1000,,,,,,,,,,,,,0.95,,,,,,,,,500,500,0.587,0.6070409134157945,0.6864695747922666,0.660932,0,0.0,0,0,0.0,0,0,0,0,,,0.0,0.0,0,100,0.02951304960703993,0,100,0.02951304960703993,0.0,0.0,,0.5419750000000001,0.63,0.5387941518915577,0.6292375713154977,,,,,0.0,0.0,0.0,0.0,0.0,0.0,0.0,0.0,0.0,0.0
deduplication__metadata__none__xgboost,deduplication,metadata,,xgboost,COMPLETED_DEVELOPMENT_OOF,,19.65960010001436,2.67865208000876,0.04770859994459897,1000,,,0.6264613171760659,0.22209480756903746,0.08930887201946429,,,,1000,,,,,,,,,,,,,0.95,,,,,,,,,500,500,0.573,0.608615948670944,0.6722018478082423,0.6416759999999999,0,0.0,0,0,0.0,0,0,0,0,,,0.0,0.0,0,100,0.02951304960703993,0,100,0.02951304960703993,0.0,0.0,,0.523,0.62,0.520879560237955,0.6185448354939469,,,,,0.0,0.0,0.0,0.0,0.0,0.0,0.0,0.0,0.0,0.0
deduplication__hybrid_metadata__granite97m__logistic_regression,deduplication,hybrid_metadata,granite97m,logistic_regression,COMPLETED_DEVELOPMENT_OOF,,78.76031400007196,13.006861579953693,1.467535600066185,1000,,,0.006817986592697826,7.688583963607283e-05,0.0067791253020496045,,,,500,,,,,,,,,,,,,0.95,,,,,,,,,500,500,1.0,1.0,1.0,1.0,1000,1.0,500,500,0.5,500,0,500,0,1.0,1.0,0.0,0.0,0,100,0.02951304960703993,0,100,0.02951304960703993,0.0,0.0,0.0,1.0,1.0,1.0,1.0,1.0,1.0,1.0,1.0,0.0,0.0,0.0,0.0,0.0,0.0,1.0,1.0,0.435,0.57
deduplication__hybrid_metadata__granite97m__decision_tree,deduplication,hybrid_metadata,granite97m,decision_tree,COMPLETED_DEVELOPMENT_OOF,,113.14872440008912,19.85257819998078,1.3092730001080781,1000,,,0.06873159843966235,0.015131509115948816,0.001639200135060026,,,,512,,,,,,,,,,,,,0.95,,,,,,,,,500,500,0.984,0.9841897233201581,0.9899261706986403,0.991986,996,0.996,508,488,0.488,495,13,486,2,0.9744094488188977,0.9959016393442623,0.026,0.004,2,100,0.06161920039604067,5,100,0.10225337764327444,23.0,0.023,0.023092369477911646,0.969,0.996,0.9689252340828265,0.995876408675328,0.9470674371312368,0.9945948376433988,0.9894050856492357,1.0,0.005503336113427859,0.053214067278287445,0.0,0.010101010101010102,0.007,0.043,0.992,0.999,0.424,0.558
deduplication__hybrid_metadata__granite97m__linear_svm,deduplication,hybrid_metadata,granite97m,linear_svm,COMPLETED_DEVELOPMENT_OOF,,88.90112209995277,15.088081660005264,1.3394163001794368,1000,,,0.006470320048957983,4.75936399955626e-05,0.006446356568156508,,,,500,,,,,,,,,,,,,0.95,,,,,,,,,500,500,1.0,1.0,1.0,1.0,999,0.999,499,500,0.5,499,0,500,0,1.0,1.0,0.0,0.0,0,100,0.02951304960703993,0,100,0.02951304960703993,0.0,0.0,0.0,1.0,1.0,1.0,1.0,1.0,1.0,1.0,1.0,0.0,0.0,0.0,0.0,0.0,0.0,0.997,1.0,0.435,0.57
deduplication__hybrid_metadata__granite97m__mlp,deduplication,hybrid_metadata,granite97m,mlp,COMPLETED_DEVELOPMENT_OOF,,340.8527284000302,65.4899703799747,1.283248999970965,1000,,,0.006227593508691204,3.858248089219817e-05,0.006208221881977782,,,,500,,,,,,,,,,,,,0.95,,,,,,,,,500,500,1.0,1.0,1.0,1.0,1000,1.0,500,500,0.5,500,0,500,0,1.0,1.0,0.0,0.0,0,100,0.02951304960703993,0,100,0.02951304960703993,0.0,0.0,0.0,1.0,1.0,1.0,1.0,1.0,1.0,1.0,1.0,0.0,0.0,0.0,0.0,0.0,0.0,1.0,1.0,0.435,0.57
deduplication__hybrid_metadata__granite97m__xgboost,deduplication,hybrid_metadata,granite97m,xgboost,COMPLETED_DEVELOPMENT_OOF,,314.9170909000095,60.04460161998868,1.2693382998695597,1000,,,0.08079417732987829,0.014870918012913998,0.007393243068069766,,,,515,,,,,,,,,,,,,0.95,,,,,,,,,500,500,0.985,0.9852216748768473,0.9909174567945565,0.993092,1000,1.0,515,485,0.485,500,15,485,0,0.970873786407767,1.0,0.03,0.0,0,100,0.02951304960703993,3,100,0.07571079374983006,15.0,0.015,0.015,0.965,1.0,0.9649921232277263,1.0,0.9339465408805032,1.0,1.0,1.0,0.0,0.06796116504854369,0.0,0.0,0.0,0.035,1.0,1.0,0.42,0.555
deduplication__hybrid_metadata__multilingual_e5_small__logistic_regression,deduplication,hybrid_metadata,multilingual_e5_small,logistic_regression,COMPLETED_DEVELOPMENT_OOF,,79.99712750001345,13.153078559972347,1.2371383999707177,1000,,,0.006819061353208419,7.6834299276097e-05,0.0067802263021645715,,,,500,,,,,,,,,,,,,0.95,,,,,,,,,500,500,1.0,1.0,1.0,1.0,1000,1.0,500,500,0.5,500,0,500,0,1.0,1.0,0.0,0.0,0,100,0.02951304960703993,0,100,0.02951304960703993,0.0,0.0,0.0,1.0,1.0,1.0,1.0,1.0,1.0,1.0,1.0,0.0,0.0,0.0,0.0,0.0,0.0,1.0,1.0,0.435,0.57
deduplication__hybrid_metadata__multilingual_e5_small__decision_tree,deduplication,hybrid_metadata,multilingual_e5_small,decision_tree,COMPLETED_DEVELOPMENT_OOF,,112.75473040004726,19.749345860001633,1.2480033999308944,1000,,,0.2035967011417916,0.04871641333447526,0.034093842039993105,,,,720,,,,,,,,,,,,,0.95,,,,,,,,,500,500,0.949,0.9509143407122232,0.972001948864889,0.9804280000000001,600,0.6,320,280,0.28,320,0,280,0,1.0,1.0,0.0,0.0,0,100,0.02951304960703993,0,100,0.02951304960703993,0.0,0.0,0.0,0.919,0.975,0.9199693810389631,0.9746655235977867,1.0,1.0,1.0,1.0,0.0,0.0,0.0,0.0,0.0,0.0,0.53,0.665,0.215,0.345
deduplication__hybrid_metadata__multilingual_e5_small__linear_svm,deduplication,hybrid_metadata,multilingual_e5_small,linear_svm,COMPLETED_DEVELOPMENT_OOF,,90.13795590004884,15.322365319984964,1.3949246000265703,1000,,,0.0064579379425785555,4.7194097832935284e-05,0.006434178183927108,,,,500,,,,,,,,,,,,,0.95,,,,,,,,,500,500,1.0,1.0,1.0,1.0,999,0.999,499,500,0.5,499,0,500,0,1.0,1.0,0.0,0.0,0,100,0.02951304960703993,0,100,0.02951304960703993,0.0,0.0,0.0,1.0,1.0,1.0,1.0,1.0,1.0,1.0,1.0,0.0,0.0,0.0,0.0,0.0,0.0,0.997,1.0,0.435,0.57
deduplication__hybrid_metadata__multilingual_e5_small__mlp,deduplication,hybrid_metadata,multilingual_e5_small,mlp,COMPLETED_DEVELOPMENT_OOF,,342.8802652999293,65.75048942002468,1.4723410001024604,1000,,,0.006227540047235654,3.8581685590658974e-05,0.00620816882117281,,,,500,,,,,,,,,,,,,0.95,,,,,,,,,500,500,1.0,1.0,1.0,1.0,1000,1.0,500,500,0.5,500,0,500,0,1.0,1.0,0.0,0.0,0,100,0.02951304960703993,0,100,0.02951304960703993,0.0,0.0,0.0,1.0,1.0,1.0,1.0,1.0,1.0,1.0,1.0,0.0,0.0,0.0,0.0,0.0,0.0,1.0,1.0,0.435,0.57
deduplication__hybrid_metadata__multilingual_e5_small__xgboost,deduplication,hybrid_metadata,multilingual_e5_small,xgboost,COMPLETED_DEVELOPMENT_OOF,,317.02105480001774,60.4493216200266,1.2932991000125185,1000,,,0.08546661669291541,0.014952465309719436,0.006650530158915147,,,,515,,,,,,,,,,,,,0.95,,,,,,,,,500,500,0.985,0.9852216748768473,0.947365968784389,0.9750639999999999,910,0.91,425,485,0.485,410,15,485,0,0.9647058823529412,1.0,0.03,0.0,0,100,0.02951304960703993,3,100,0.07571079374983006,15.0,0.015,0.016483516483516484,0.965,1.0,0.9649921232277263,1.0,0.9210376794258374,1.0,1.0,1.0,0.0,0.06796116504854369,0.0,0.0,0.0,0.035,0.87,0.945,0.42,0.555
deduplication__hybrid_metadata__multilingual_minilm_l12__logistic_regression,deduplication,hybrid_metadata,multilingual_minilm_l12,logistic_regression,COMPLETED_DEVELOPMENT_OOF,,79.46289279998746,13.241888799984007,1.2304961000336334,1000,,,0.006905274585610422,8.070532002783199e-05,0.006864447171223476,,,,500,,,,,,,,,,,,,0.95,,,,,,,,,500,500,1.0,1.0,1.0,1.0,1000,1.0,500,500,0.5,500,0,500,0,1.0,1.0,0.0,0.0,0,100,0.02951304960703993,0,100,0.02951304960703993,0.0,0.0,0.0,1.0,1.0,1.0,1.0,1.0,1.0,1.0,1.0,0.0,0.0,0.0,0.0,0.0,0.0,1.0,1.0,0.435,0.57
deduplication__hybrid_metadata__multilingual_minilm_l12__decision_tree,deduplication,hybrid_metadata,multilingual_minilm_l12,decision_tree,COMPLETED_DEVELOPMENT_OOF,,110.87016319995746,19.508828020025977,1.2767175001790747,1000,,,0.08582133985652363,0.019891235755683658,0.0022265224902822123,,,,600,,,,,,,,,,,,,0.95,,,,,,,,,500,500,0.979,0.9792694965449161,0.9923653391672627,0.995344,800,0.8,400,400,0.4,383,17,398,2,0.9575,0.995,0.034,0.004,1,100,0.046559811453538914,4,100,0.0891962501588798,27.0,0.027,0.03375,0.959,0.996,0.9593657983247187,0.9949723448305411,0.9098831067802161,0.9949367088607595,0.9833766038085746,1.0,0.003999009900990101,0.07307795698924731,0.0,0.013333333333333334,0.005,0.056,0.745,0.85,0.335,0.469
deduplication__hybrid_metadata__multilingual_minilm_l12__linear_svm,deduplication,hybrid_metadata,multilingual_minilm_l12,linear_svm,COMPLETED_DEVELOPMENT_OOF,,87.67622059991118,14.803182679996826,1.2433434998383746,1000,,,0.006520802266796475,4.942915432702927e-05,0.006495902468739323,,,,500,,,,,,,,,,,,,0.95,,,,,,,,,500,500,1.0,1.0,1.0,1.0,999,0.999,499,500,0.5,499,0,500,0,1.0,1.0,0.0,0.0,0,100,0.02951304960703993,0,100,0.02951304960703993,0.0,0.0,0.0,1.0,1.0,1.0,1.0,1.0,1.0,1.0,1.0,0.0,0.0,0.0,0.0,0.0,0.0,0.997,1.0,0.435,0.57
deduplication__hybrid_metadata__multilingual_minilm_l12__mlp,deduplication,hybrid_metadata,multilingual_minilm_l12,mlp,COMPLETED_DEVELOPMENT_OOF,,336.02961259998847,64.4236551000271,1.257693300023675,1000,,,0.00622898138399041,3.8600411693428856e-05,0.006209600732913434,,,,500,,,,,,,,,,,,,0.95,,,,,,,,,500,500,1.0,1.0,1.0,1.0,1000,1.0,500,500,0.5,500,0,500,0,1.0,1.0,0.0,0.0,0,100,0.02951304960703993,0,100,0.02951304960703993,0.0,0.0,0.0,1.0,1.0,1.0,1.0,1.0,1.0,1.0,1.0,0.0,0.0,0.0,0.0,0.0,0.0,1.0,1.0,0.435,0.57
deduplication__hybrid_metadata__multilingual_minilm_l12__xgboost,deduplication,hybrid_metadata,multilingual_minilm_l12,xgboost,COMPLETED_DEVELOPMENT_OOF,,319.10554080002476,60.80958585999906,1.3198075998807326,1000,,,0.08547751748612811,0.014940677193758873,0.0070751209585749875,,,,515,,,,,,,,,,,,,0.95,,,,,,,,,500,500,0.985,0.9852216748768473,0.9380851472917444,0.9728519999999999,910,0.91,425,485,0.485,410,15,485,0,0.9647058823529412,1.0,0.03,0.0,0,100,0.02951304960703993,3,100,0.07571079374983006,15.0,0.015,0.016483516483516484,0.965,1.0,0.9649921232277263,1.0,0.9210376794258374,1.0,1.0,1.0,0.0,0.06796116504854369,0.0,0.0,0.0,0.035,0.87,0.945,0.42,0.555
