id	name	realname	firstname	phone	mobile	is_activeauthtypelast_logindate_moddate_creation
2	glpi	NULL	NULL	NULL	NULL	1	1	2026-05-06 22:53:55	2026-05-06 18:53:16	
3	post-only	NULL	NULL	NULL	NULL	1	1			
4	tech	NULL	NULL	NULL	NULL	1	1			
5	normal	NULL	NULL	NULL	NULL	1	1			
6	glpi-system	Support	NULL	NULL	NULL	1	1			
7	maria.silva	Silva	Maria	(32) 99999-0001	NULL	1	1		2026-03-04 17:39:50	2026-03-04 17:39:50
8	joao.santos	Santos	João	(32) 99999-0002	NULL	1	1		2026-03-04 17:39:50	2026-03-04 17:39:50
9	ana.oliveira	Oliveira	Ana	(32) 99999-0003	NULL	1	1		2026-03-04 17:39:51	2026-03-04 17:39:51
10	carlos.souza	Souza	Carlos	(32) 99999-0004	NULL	1	1		2026-03-04 17:39:51	2026-03-04 17:39:51
11	patricia.costa	Costa	Patrícia	(32) 99999-0005	NULL	1	1		2026-03-04 17:39:51	2026-03-04 17:39:51
12	ricardo.lima	Lima	Ricardo	(32) 99999-0006	NULL	1	1		2026-03-04 17:39:51	2026-03-04 17:39:51
13	fernanda.rocha	Rocha	Fernanda	(32) 99999-0007	NULL	1	1		2026-03-04 17:39:51	2026-03-04 17:39:51
14	pedro.almeida	Almeida	Pedro	(32) 99999-0008	NULL	1	1		2026-03-04 17:39:52	2026-03-04 17:39:52
15	lucia.ferreira	Ferreira	Lúcia	(32) 99999-0009	NULL	1	1		2026-03-04 17:39:52	2026-03-04 17:39:52
16	marcos.ribeiro	Ribeiro	Marcos	(32) 99999-0010	NULL	1	1		2026-03-04 17:39:52	2026-03-04 17:39:52
17	admin_recovery	NULL	NULL	NULL	NULL	1	1	2026-03-11 15:59:55	2026-03-11 15:59:55	2026-03-11 15:53:36
