contrast_id,task,baseline,candidate,independent_groups,mean_group_accuracy_difference_candidate_minus_baseline,median_group_accuracy_difference_candidate_minus_baseline,groups_candidate_better,groups_baseline_better,groups_tied,wilcoxon_pratt_statistic,wilcoxon_pratt_p,scope,wilcoxon_pratt_holm_adjusted_p
e5_vs_granite_hybrid_logreg,classification,classification__hybrid__granite97m__logistic_regression,classification__hybrid__multilingual_e5_small__logistic_regression,105,-0.024126984126984136,0.0,4,16,85,394.0,0.00867126314921628,semantic_accuracy_descriptive_only,0.05202757889529768
minilm_vs_granite_hybrid_logreg,classification,classification__hybrid__granite97m__logistic_regression,classification__hybrid__multilingual_minilm_l12__logistic_regression,105,-0.019365079365079363,0.0,12,14,79,1077.0,0.5954182007004349,semantic_accuracy_descriptive_only,0.9548636028856579
tfidf_vs_granite_hybrid_logreg,classification,classification__hybrid__granite97m__logistic_regression,classification__tfidf__none__logistic_regression,105,-0.031746031746031744,0.0,6,18,81,567.0,0.01554353527093345,semantic_accuracy_descriptive_only,0.07771767635466725
granite_embedding_vs_hybrid_logreg,classification,classification__hybrid__granite97m__logistic_regression,classification__embedding__granite97m__logistic_regression,105,-0.07190476190476192,0.0,17,24,64,1358.5,0.16193444329934326,semantic_accuracy_descriptive_only,0.647737773197373
tree_vs_logreg_granite_hybrid,classification,classification__hybrid__granite97m__logistic_regression,classification__hybrid__granite97m__decision_tree,105,-0.24682539682539686,-0.2,11,54,40,742.0,7.567173338754424e-08,semantic_accuracy_descriptive_only,6.05373867100354e-07
svm_vs_logreg_granite_hybrid,classification,classification__hybrid__granite97m__logistic_regression,classification__hybrid__granite97m__linear_svm,105,0.007619047619047619,0.0,5,3,97,304.0,0.47743180144282893,semantic_accuracy_descriptive_only,0.9548636028856579
mlp_vs_logreg_granite_hybrid,classification,classification__hybrid__granite97m__logistic_regression,classification__hybrid__granite97m__mlp,105,-0.007619047619047619,0.0,7,12,86,678.0,0.2637878226843784,semantic_accuracy_descriptive_only,0.7913634680531352
xgboost_vs_logreg_granite_hybrid,classification,classification__hybrid__granite97m__logistic_regression,classification__hybrid__granite97m__xgboost,105,-0.12380952380952383,0.0,14,37,54,1033.5,0.0005167391509579794,semantic_accuracy_descriptive_only,0.003617174056705856
e5_vs_granite_operational_logreg,deduplication,deduplication__hybrid_metadata__granite97m__logistic_regression,deduplication__hybrid_metadata__multilingual_e5_small__logistic_regression,120,0.0,0.0,0,0,120,0.0,1.0,semantic_accuracy_descriptive_only,1.0
minilm_vs_granite_operational_logreg,deduplication,deduplication__hybrid_metadata__granite97m__logistic_regression,deduplication__hybrid_metadata__multilingual_minilm_l12__logistic_regression,120,0.0,0.0,0,0,120,0.0,1.0,semantic_accuracy_descriptive_only,1.0
tfidf_isolated_vs_operational_logreg,deduplication,deduplication__hybrid_metadata__granite97m__logistic_regression,deduplication__tfidf__none__logistic_regression,120,0.0,0.0,0,0,120,0.0,1.0,semantic_accuracy_descriptive_only,1.0
granite_embedding_isolated_vs_operational_logreg,deduplication,deduplication__hybrid_metadata__granite97m__logistic_regression,deduplication__embedding__granite97m__logistic_regression,120,-0.018333333333333333,0.0,0,7,113,0.0,0.008156960019814693,semantic_accuracy_descriptive_only,0.06525568015851754
granite_hybrid_isolated_vs_operational_logreg,deduplication,deduplication__hybrid_metadata__granite97m__logistic_regression,deduplication__hybrid__granite97m__logistic_regression,120,0.0,0.0,0,0,120,0.0,1.0,semantic_accuracy_descriptive_only,1.0
metadata_only_vs_operational_logreg,deduplication,deduplication__hybrid_metadata__granite97m__logistic_regression,deduplication__metadata__none__logistic_regression,120,-0.4133333333333333,-0.2,0,71,49,0.0,2.224881669997041e-16,semantic_accuracy_descriptive_only,2.224881669997041e-15
tree_vs_logreg_granite_operational,deduplication,deduplication__hybrid_metadata__granite97m__logistic_regression,deduplication__hybrid_metadata__granite97m__decision_tree,120,-0.043333333333333335,0.0,0,12,108,0.0,0.0005346993673281575,semantic_accuracy_descriptive_only,0.004812294305953417
svm_vs_logreg_granite_operational,deduplication,deduplication__hybrid_metadata__granite97m__logistic_regression,deduplication__hybrid_metadata__granite97m__linear_svm,120,0.0,0.0,0,0,120,0.0,1.0,semantic_accuracy_descriptive_only,1.0
mlp_vs_logreg_granite_operational,deduplication,deduplication__hybrid_metadata__granite97m__logistic_regression,deduplication__hybrid_metadata__granite97m__mlp,120,0.0,0.0,0,0,120,0.0,1.0,semantic_accuracy_descriptive_only,1.0
xgboost_vs_logreg_granite_operational,deduplication,deduplication__hybrid_metadata__granite97m__logistic_regression,deduplication__hybrid_metadata__granite97m__xgboost,120,-0.02666666666666667,0.0,0,4,116,0.0,0.04550795382178119,semantic_accuracy_descriptive_only,0.3185556767524683
