rank,task,combination_id,eligible,confidence_qualified,provisional_point_eligible,evidence_status,exclusion_reasons,representation,embedding,classifier,status,failure,elapsed_seconds,mean_fold_fit_seconds,mean_downstream_predict_ms_per_record,records,accuracy,macro_f1,log_loss,brier_score,expected_calibration_error_10_bins,obra_recall,automatic_records,automatic_coverage,human_review_required_records,automatic_triage_records,triagem_manual_is_automatic,automatic_errors,automatic_risk,automatic_maintenance_as_obra,automatic_non_obra_as_obra,automatic_non_obra_records,automatic_non_obra_as_obra_rate,automatic_non_obra_as_obra_group_events,automatic_non_obra_exposed_groups,automatic_non_obra_as_obra_group_rate_upper,semantic_maintenance_as_obra,confidence_level,group_bootstrap_accuracy_ci_lower,group_bootstrap_accuracy_ci_upper,group_bootstrap_macro_f1_ci_lower,group_bootstrap_macro_f1_ci_upper,group_bootstrap_coverage_ci_lower,group_bootstrap_coverage_ci_upper,group_bootstrap_selective_risk_ci_lower,group_bootstrap_selective_risk_ci_upper,positive_records,negative_records,semantic_accuracy,semantic_f1,average_precision,roc_auc,decision_records,decision_coverage,automatic_positive_records_requiring_human_confirmation,fully_automated_negative_records,full_automation_coverage,tp,fp,tn,fn,precision,negative_predictive_value,automatic_false_positive_rate,automatic_false_negative_rate,false_negative_group_events,positive_groups,false_negative_group_rate_upper,false_positive_group_events,negative_groups,false_positive_group_rate_upper,weighted_error_fn5_fp1_total,weighted_error_fn5_fp1_per_record,weighted_error_fn5_fp1_per_automatic,semantic_group_bootstrap_accuracy_ci_lower,semantic_group_bootstrap_accuracy_ci_upper,semantic_group_bootstrap_macro_f1_ci_lower,semantic_group_bootstrap_macro_f1_ci_upper,operating_group_bootstrap_precision_ci_lower,operating_group_bootstrap_precision_ci_upper,operating_group_bootstrap_negative_predictive_value_ci_lower,operating_group_bootstrap_negative_predictive_value_ci_upper,operating_group_bootstrap_false_positive_rate_ci_lower,operating_group_bootstrap_false_positive_rate_ci_upper,operating_group_bootstrap_false_negative_rate_ci_lower,operating_group_bootstrap_false_negative_rate_ci_upper,operating_group_bootstrap_weighted_error_per_record_ci_lower,operating_group_bootstrap_weighted_error_per_record_ci_upper,operating_group_bootstrap_decision_coverage_ci_lower,operating_group_bootstrap_decision_coverage_ci_upper,operating_group_bootstrap_full_automation_coverage_ci_lower,operating_group_bootstrap_full_automation_coverage_ci_upper
1,classification,classification__hybrid__granite97m__linear_svm,False,False,True,UNDERPOWERED,"[""classification_critical_upper_confidence"",""classification_risk_upper_confidence"",""classification_coverage_lower_confidence""]",hybrid,granite97m,linear_svm,COMPLETED_DEVELOPMENT_OOF,,24.161856799997622,3.6940990600036456,0.6379757144334263,508,0.8464566929133859,0.8006219374088872,0.3949257839999563,0.2085726617023198,0.05280891317079087,0.9323308270676691,295,0.5807086614173228,213,0,False,15,0.05084745762711865,0,0,214,0.0,0,49,0.059306014189697054,12,0.95,0.7866894719336649,0.9009944163020953,0.7179997152324508,0.8660912510038411,0.49203027248435977,0.6620560154375392,0.014184397163120567,0.10437843626134764,,,,,,,,,,,,,,,,,,,,,,,,,,,,,,,,,,,,,,,,,,,,,,
2,classification,classification__hybrid__multilingual_minilm_l12__linear_svm,False,False,True,UNDERPOWERED,"[""classification_critical_upper_confidence"",""classification_coverage_lower_confidence""]",hybrid,multilingual_minilm_l12,linear_svm,COMPLETED_DEVELOPMENT_OOF,,23.54075639999064,3.670392320002429,0.5939294326871958,508,0.84251968503937,0.7920072668840071,0.43563623318064293,0.21718555394147093,0.07664803185230201,0.9323308270676691,277,0.5452755905511811,231,0,False,12,0.04332129963898917,0,0,194,0.0,0,44,0.06581877114493394,15,0.95,0.7766985494454891,0.9044951074054772,0.7037828520534378,0.8649245288473367,0.454,0.6272294404252177,0.0042172298357568815,0.09595556283748158,,,,,,,,,,,,,,,,,,,,,,,,,,,,,,,,,,,,,,,,,,,,,,
3,classification,classification__hybrid__multilingual_minilm_l12__logistic_regression,False,False,True,UNDERPOWERED,"[""classification_critical_upper_confidence"",""classification_risk_upper_confidence"",""classification_coverage_lower_confidence""]",hybrid,multilingual_minilm_l12,logistic_regression,COMPLETED_DEVELOPMENT_OOF,,24.4261400999967,3.8078903200046623,0.7051755811889054,508,0.812992125984252,0.7448378129427461,0.5132218222474392,0.25836460152096313,0.0721322609817529,0.924812030075188,271,0.5334645669291339,237,0,False,14,0.05166051660516605,0,0,209,0.0,0,47,0.06175013471082449,19,0.95,0.7470230501311002,0.8796174832543087,0.6659810709205779,0.8158539471268,0.4475026415685047,0.6146360692961063,0.0075750428816466564,0.10949305288769368,,,,,,,,,,,,,,,,,,,,,,,,,,,,,,,,,,,,,,,,,,,,,,
4,classification,classification__hybrid__multilingual_minilm_l12__mlp,False,False,False,FAIL,"[""automatic_non_obra_as_obra"",""classification_critical_upper_confidence"",""classification_coverage_lower_confidence""]",hybrid,multilingual_minilm_l12,mlp,COMPLETED_DEVELOPMENT_OOF,,253.1177125999966,49.53350918000215,0.7484360744911888,508,0.8503937007874016,0.8027947948657121,0.4577242074872377,0.23031299681818676,0.04496735413194647,0.9473684210526315,279,0.5492125984251969,229,0,False,11,0.03942652329749104,0,2,197,0.01015228426395939,2,47,0.12796053954565068,16,0.95,0.7899945972495089,0.9074938941707629,0.7273041183880842,0.8619891802076715,0.4635108481262327,0.630771484375,0.009675100484386277,0.08826955513388132,,,,,,,,,,,,,,,,,,,,,,,,,,,,,,,,,,,,,,,,,,,,,,
5,classification,classification__hybrid__multilingual_e5_small__linear_svm,False,False,False,FAIL,"[""classification_coverage"",""classification_critical_upper_confidence"",""classification_risk_upper_confidence"",""classification_coverage_lower_confidence""]",hybrid,multilingual_e5_small,linear_svm,COMPLETED_DEVELOPMENT_OOF,,25.380039999989094,3.9837568399991143,0.6008037920668556,508,0.8307086614173228,0.7876566046949826,0.46652554052953676,0.24440595634228207,0.04012809568854951,0.9172932330827067,194,0.38188976377952755,314,0,False,15,0.07731958762886598,0,0,155,0.0,0,36,0.07984650951989439,19,0.95,0.7698412698412699,0.8908444791847605,0.7093227596266749,0.8556545207874675,0.2954877836120207,0.46706586826347307,0.01639344262295082,0.157609919702311,,,,,,,,,,,,,,,,,,,,,,,,,,,,,,,,,,,,,,,,,,,,,,
6,classification,classification__tfidf__none__linear_svm,False,False,False,FAIL,"[""classification_coverage"",""classification_critical_upper_confidence"",""classification_risk_upper_confidence"",""classification_coverage_lower_confidence""]",tfidf,,linear_svm,COMPLETED_DEVELOPMENT_OOF,,62.94543609999528,10.251030500001798,1.6452284900013314,508,0.8228346456692913,0.7827952466375419,0.5014902021912673,0.26154097370584706,0.050640887672986606,0.8872180451127819,186,0.3661417322834646,322,0,False,16,0.08602150537634409,0,0,151,0.0,0,37,0.0777747110051379,19,0.95,0.7637795275590551,0.8776709561287604,0.705123755066263,0.8495749927369373,0.2842400302617404,0.4495049504950495,0.02197501951600313,0.17205228031145714,,,,,,,,,,,,,,,,,,,,,,,,,,,,,,,,,,,,,,,,,,,,,,
7,classification,classification__hybrid__granite97m__logistic_regression,False,False,False,FAIL,"[""automatic_non_obra_as_obra"",""classification_critical_upper_confidence"",""classification_risk_upper_confidence"",""classification_coverage_lower_confidence""]",hybrid,granite97m,logistic_regression,COMPLETED_DEVELOPMENT_OOF,,25.83136640000157,3.9782080400007542,0.6071383570288701,508,0.8307086614173228,0.7803932272442751,0.4620909544086111,0.242579886220154,0.03877517064779973,0.9323308270676691,267,0.5255905511811023,241,0,False,23,0.08614232209737828,1,1,215,0.004651162790697674,1,52,0.08800893075719356,18,0.95,0.7696850393700787,0.8895351704050273,0.7042729285788139,0.8460108266528878,0.44069564052587035,0.6071516624401239,0.03296252927400469,0.15441660216718264,,,,,,,,,,,,,,,,,,,,,,,,,,,,,,,,,,,,,,,,,,,,,,
8,classification,classification__hybrid__granite97m__mlp,False,False,False,FAIL,"[""automatic_non_obra_as_obra"",""classification_coverage"",""classification_critical_upper_confidence"",""classification_risk_upper_confidence"",""classification_coverage_lower_confidence""]",hybrid,granite97m,mlp,COMPLETED_DEVELOPMENT_OOF,,265.0381381999905,51.90768598000286,0.6860274197942161,508,0.8228346456692913,0.7708446177390477,0.46617917262431624,0.24098310074848098,0.06887413338259527,0.924812030075188,217,0.4271653543307087,291,0,False,19,0.08755760368663594,0,1,163,0.006134969325153374,1,38,0.11885412270056077,18,0.95,0.7596818953259025,0.8827068899732915,0.694241343659974,0.8389997172482384,0.33656188101370876,0.5156296319169961,0.026175734122467566,0.1674436312123716,,,,,,,,,,,,,,,,,,,,,,,,,,,,,,,,,,,,,,,,,,,,,,
9,classification,classification__hybrid__multilingual_e5_small__logistic_regression,False,False,False,FAIL,"[""classification_coverage"",""classification_critical_upper_confidence"",""classification_risk_upper_confidence"",""classification_coverage_lower_confidence""]",hybrid,multilingual_e5_small,logistic_regression,COMPLETED_DEVELOPMENT_OOF,,26.05922159999318,4.112596800003667,0.6059951016757775,508,0.8070866141732284,0.7626993371851805,0.5332247226456225,0.27861901271904904,0.057458040827608345,0.8947368421052632,243,0.47834645669291337,265,0,False,23,0.09465020576131687,0,0,206,0.0,0,48,0.060503409348894296,21,0.95,0.7455621301775148,0.8654970760233918,0.6833624476044159,0.831690544032303,0.3885173337300997,0.5652283706631531,0.03389472931416721,0.16831943720687859,,,,,,,,,,,,,,,,,,,,,,,,,,,,,,,,,,,,,,,,,,,,,,
10,classification,classification__hybrid__multilingual_e5_small__mlp,False,False,False,FAIL,"[""classification_coverage"",""classification_critical_upper_confidence"",""classification_risk_upper_confidence"",""classification_coverage_lower_confidence""]",hybrid,multilingual_e5_small,mlp,COMPLETED_DEVELOPMENT_OOF,,258.0151199999964,50.49501691999903,0.6754622538905827,508,0.8169291338582677,0.7601736921663941,0.5161982776140608,0.26509014002268244,0.07079449445639745,0.9022556390977443,249,0.49015748031496065,259,0,False,15,0.060240963855421686,0,0,192,0.0,0,47,0.06175013471082449,17,0.95,0.7549268427986964,0.8735235292719826,0.6838756912296359,0.8290700302573347,0.4023576923076923,0.5783413638094066,0.012817796610169496,0.12237583136665944,,,,,,,,,,,,,,,,,,,,,,,,,,,,,,,,,,,,,,,,,,,,,,
11,classification,classification__tfidf__none__mlp,False,False,False,FAIL,"[""classification_coverage"",""classification_critical_upper_confidence"",""classification_risk_upper_confidence"",""classification_coverage_lower_confidence""]",tfidf,,mlp,COMPLETED_DEVELOPMENT_OOF,,417.914254000003,81.05253832000308,1.8985236495485625,508,0.8149606299212598,0.7593303461149055,0.511128416424193,0.26071381320971054,0.05856744534397415,0.8796992481203008,252,0.49606299212598426,256,0,False,18,0.07142857142857142,0,0,193,0.0,0,48,0.060503409348894296,17,0.95,0.7554570351172318,0.8712288582983048,0.6847789624489579,0.8285347845708151,0.4106090373280943,0.5809125794184216,0.02127210701140139,0.13483276718055917,,,,,,,,,,,,,,,,,,,,,,,,,,,,,,,,,,,,,,,,,,,,,,
12,classification,classification__tfidf__none__logistic_regression,False,False,False,FAIL,"[""automatic_non_obra_as_obra"",""classification_selective_risk"",""classification_coverage"",""classification_critical_upper_confidence"",""classification_risk_upper_confidence"",""classification_coverage_lower_confidence""]",tfidf,,logistic_regression,COMPLETED_DEVELOPMENT_OOF,,78.60873110000102,12.682057139999234,1.6476889330501296,508,0.7992125984251969,0.7592163282919336,0.5721076473318946,0.29719431256096923,0.04406547181425317,0.8872180451127819,227,0.4468503937007874,281,0,False,28,0.12334801762114538,1,1,199,0.005025125628140704,1,49,0.09319247143420123,22,0.95,0.7367230135341629,0.8594111766945925,0.6789676954727034,0.8282779371985437,0.3614457831325301,0.5362952933129732,0.05627462425215235,0.20208538056101474,,,,,,,,,,,,,,,,,,,,,,,,,,,,,,,,,,,,,,,,,,,,,,
13,classification,classification__embedding__multilingual_e5_small__linear_svm,False,False,False,FAIL,"[""classification_coverage"",""classification_critical_upper_confidence"",""classification_risk_upper_confidence"",""classification_coverage_lower_confidence""]",embedding,multilingual_e5_small,linear_svm,COMPLETED_DEVELOPMENT_OOF,,8.729013200005284,1.0537612799962517,0.03782838045510307,508,0.7952755905511811,0.7201079776420019,0.5002453518797506,0.2860817014835094,0.04001592154449639,0.8421052631578947,230,0.452755905511811,278,0,False,16,0.06956521739130435,0,0,172,0.0,0,46,0.06304930167405447,12,0.95,0.7296210093524457,0.8588304362841026,0.6430769135476508,0.7887576813620076,0.37153587208896,0.5366528611522569,0.02050505050505052,0.13706859506351884,,,,,,,,,,,,,,,,,,,,,,,,,,,,,,,,,,,,,,,,,,,,,,
14,classification,classification__embedding__granite97m__mlp,False,False,False,FAIL,"[""classification_selective_risk"",""classification_coverage"",""classification_critical_upper_confidence"",""classification_risk_upper_confidence"",""classification_coverage_lower_confidence""]",embedding,granite97m,mlp,COMPLETED_DEVELOPMENT_OOF,,144.85414840000158,28.118638959995586,0.16150583536173369,508,0.7893700787401575,0.6969560712788208,0.6550783938245015,0.3351216664992415,0.05071796095889401,0.9172932330827067,69,0.13582677165354332,439,0,False,12,0.17391304347826086,0,0,55,0.0,0,13,0.20581666518655062,17,0.95,0.7216570767701483,0.8566315044329942,0.6147455391941112,0.7736705801837473,0.0750804436778231,0.1980207632413727,0.0,0.38986735445836385,,,,,,,,,,,,,,,,,,,,,,,,,,,,,,,,,,,,,,,,,,,,,,
15,classification,classification__embedding__multilingual_e5_small__logistic_regression,False,False,False,FAIL,"[""classification_coverage"",""classification_critical_upper_confidence"",""classification_risk_upper_confidence"",""classification_coverage_lower_confidence""]",embedding,multilingual_e5_small,logistic_regression,COMPLETED_DEVELOPMENT_OOF,,5.733538300002692,0.4415213800035417,0.03818019763035333,508,0.7775590551181102,0.6958559111836121,0.5735382312285524,0.31720949350321065,0.049937169374361545,0.8421052631578947,217,0.4271653543307087,291,0,False,21,0.0967741935483871,0,0,171,0.0,0,51,0.057047952360442765,13,0.95,0.7094780955230462,0.8439337344646137,0.6201107579884255,0.7676597005882018,0.34888320203783196,0.5080016129032258,0.034482758620689655,0.17910799774711347,,,,,,,,,,,,,,,,,,,,,,,,,,,,,,,,,,,,,,,,,,,,,,
16,classification,classification__embedding__multilingual_e5_small__mlp,False,False,False,FAIL,"[""classification_coverage"",""classification_critical_upper_confidence"",""classification_risk_upper_confidence"",""classification_coverage_lower_confidence""]",embedding,multilingual_e5_small,mlp,COMPLETED_DEVELOPMENT_OOF,,242.6338637000008,47.717618300000325,0.16007827513499712,508,0.7736220472440944,0.689224114410028,0.5933424133545621,0.31315098124034313,0.06917806263520944,0.8421052631578947,203,0.39960629921259844,305,0,False,11,0.054187192118226604,0,0,153,0.0,0,37,0.0777747110051379,16,0.95,0.7036892361111111,0.8442361111111111,0.6156791037252198,0.7582820825396602,0.3127291040334519,0.48898122978630526,0.009998756218905475,0.1215488278333582,,,,,,,,,,,,,,,,,,,,,,,,,,,,,,,,,,,,,,,,,,,,,,
17,classification,classification__embedding__multilingual_minilm_l12__linear_svm,False,False,False,FAIL,"[""automatic_non_obra_as_obra"",""classification_coverage"",""classification_critical_upper_confidence"",""classification_risk_upper_confidence"",""classification_coverage_lower_confidence""]",embedding,multilingual_minilm_l12,linear_svm,COMPLETED_DEVELOPMENT_OOF,,6.258601299996371,0.518123220000416,0.037272862580518124,508,0.7933070866141733,0.6887745325245326,0.6388269509832375,0.33109537427072216,0.08379691203409588,0.8872180451127819,53,0.10433070866141732,455,0,False,3,0.05660377358490566,0,1,51,0.0196078431372549,1,16,0.2639573972885686,14,0.95,0.729235608343443,0.8582742019166208,0.6128322073579104,0.7577211469472649,0.05577670088875268,0.15960413382378696,0.0,0.14819444444444418,,,,,,,,,,,,,,,,,,,,,,,,,,,,,,,,,,,,,,,,,,,,,,
18,classification,classification__embedding__multilingual_minilm_l12__mlp,False,False,False,FAIL,"[""classification_selective_risk"",""classification_coverage"",""classification_critical_upper_confidence"",""classification_risk_upper_confidence"",""classification_coverage_lower_confidence""]",embedding,multilingual_minilm_l12,mlp,COMPLETED_DEVELOPMENT_OOF,,89.14819970000826,17.037903839998762,0.10637591513390932,508,0.7716535433070866,0.6755807016632074,0.7074592271621011,0.3589029372104367,0.03039707249832611,0.8872180451127819,106,0.20866141732283464,402,0,False,22,0.20754716981132076,0,0,98,0.0,0,26,0.1088303557607848,12,0.95,0.7031196905339806,0.8411055703649232,0.5986772702681267,0.74741714630371,0.1383330994535008,0.28025946273528096,0.09521934758155233,0.35805465659834573,,,,,,,,,,,,,,,,,,,,,,,,,,,,,,,,,,,,,,,,,,,,,,
19,classification,classification__embedding__granite97m__linear_svm,False,False,False,FAIL,"[""classification_selective_risk"",""classification_coverage"",""classification_critical_upper_confidence"",""classification_risk_upper_confidence"",""classification_coverage_lower_confidence""]",embedding,granite97m,linear_svm,COMPLETED_DEVELOPMENT_OOF,,12.18813740000769,1.2481868800008669,0.042901452372210644,508,0.7677165354330708,0.6681067845210527,0.6249109448031573,0.3419096877167129,0.05771457712266829,0.9323308270676691,58,0.1141732283464567,450,0,False,9,0.15517241379310345,0,0,46,0.0,0,11,0.2384041903808526,18,0.95,0.6958164568580658,0.8376886326258755,0.586740821183155,0.7460313699944126,0.059749145709651535,0.17350625422002486,0.0,0.3969047619047614,,,,,,,,,,,,,,,,,,,,,,,,,,,,,,,,,,,,,,,,,,,,,,
20,classification,classification__embedding__granite97m__logistic_regression,False,False,False,FAIL,"[""classification_selective_risk"",""classification_coverage"",""classification_critical_upper_confidence"",""classification_risk_upper_confidence"",""classification_coverage_lower_confidence""]",embedding,granite97m,logistic_regression,COMPLETED_DEVELOPMENT_OOF,,7.929231400004937,0.6460767999989911,0.043698857162960396,508,0.765748031496063,0.6618773126220028,0.6370214833284908,0.34838119169480736,0.07710659104598425,0.9398496240601504,96,0.1889763779527559,412,0,False,19,0.19791666666666666,0,0,84,0.0,0,23,0.12212338890652301,21,0.95,0.697029702970297,0.8339999922951867,0.5909258315131134,0.7320076466736887,0.12040766792153755,0.2588252731922809,0.05121359223300983,0.39025791982057745,,,,,,,,,,,,,,,,,,,,,,,,,,,,,,,,,,,,,,,,,,,,,,
21,classification,classification__embedding__multilingual_minilm_l12__logistic_regression,False,False,False,FAIL,"[""classification_coverage"",""classification_critical_upper_confidence"",""classification_risk_upper_confidence"",""classification_coverage_lower_confidence""]",embedding,multilingual_minilm_l12,logistic_regression,COMPLETED_DEVELOPMENT_OOF,,5.7752752999949735,0.44099461999721823,0.039518606080639535,508,0.7637795275590551,0.6442716883531836,0.720572795757212,0.37540916849697403,0.07874591851191254,0.8872180451127819,49,0.09645669291338582,459,0,False,3,0.061224489795918366,0,0,49,0.0,0,15,0.18103627252208462,19,0.95,0.6978131212723658,0.8316638226948948,0.5769174334206413,0.7202893791868326,0.050682261208576995,0.15145631067961166,0.0,0.16666666666666666,,,,,,,,,,,,,,,,,,,,,,,,,,,,,,,,,,,,,,,,,,,,,,
22,classification,classification__hybrid__multilingual_e5_small__xgboost,False,False,False,FAIL,"[""classification_selective_risk"",""classification_coverage"",""classification_critical_upper_confidence"",""classification_risk_upper_confidence"",""classification_coverage_lower_confidence""]",hybrid,multilingual_e5_small,xgboost,COMPLETED_DEVELOPMENT_OOF,,479.42843719999655,94.62523164000012,0.6925894070449162,508,0.7283464566929134,0.6200076622294413,0.7939611733793686,0.40455215385066984,0.03233384170428101,0.8045112781954887,0,0.0,508,0,False,0,,0,0,0,,0,0,,17,0.95,0.65624375,0.8007979114575672,0.5511973073671129,0.6874833203031439,0.0,0.0,,,,,,,,,,,,,,,,,,,,,,,,,,,,,,,,,,,,,,,,,,,,,,,,
23,classification,classification__hybrid__granite97m__xgboost,False,False,False,FAIL,"[""classification_selective_risk"",""classification_coverage"",""classification_critical_upper_confidence"",""classification_risk_upper_confidence"",""classification_coverage_lower_confidence""]",hybrid,granite97m,xgboost,COMPLETED_DEVELOPMENT_OOF,,434.05788549999124,85.5818232599966,0.7613926347069807,508,0.7047244094488189,0.6053767576849072,0.8342033164145202,0.4356122151547663,0.03890032333346054,0.8345864661654135,80,0.15748031496062992,428,0,False,25,0.3125,0,0,77,0.0,0,18,0.1533175539572782,18,0.95,0.6336551155115512,0.7751065893793863,0.5434009009958649,0.6677779539158901,0.0922994129158513,0.2303188053641732,0.11538461538461539,0.5161568409343713,,,,,,,,,,,,,,,,,,,,,,,,,,,,,,,,,,,,,,,,,,,,,,
24,classification,classification__hybrid__multilingual_minilm_l12__xgboost,False,False,False,FAIL,"[""automatic_non_obra_as_obra"",""classification_selective_risk"",""classification_coverage"",""classification_critical_upper_confidence"",""classification_risk_upper_confidence"",""classification_coverage_lower_confidence""]",hybrid,multilingual_minilm_l12,xgboost,COMPLETED_DEVELOPMENT_OOF,,452.10048550000647,89.09085088000283,0.8044027776532341,508,0.6929133858267716,0.5787910969196828,0.8193679092585386,0.4291582584776195,0.05359167278863384,0.7518796992481203,137,0.26968503937007876,371,0,False,19,0.1386861313868613,0,1,117,0.008547008547008548,1,32,0.13984946027422598,14,0.95,0.6189415073413909,0.7687898320924104,0.5122677548730616,0.6405510738401842,0.19315454128278442,0.35306572068707986,0.05184865900383142,0.2408942830549159,,,,,,,,,,,,,,,,,,,,,,,,,,,,,,,,,,,,,,,,,,,,,,
25,classification,classification__hybrid__granite97m__decision_tree,False,False,False,FAIL,"[""classification_selective_risk"",""classification_coverage"",""classification_critical_upper_confidence"",""classification_risk_upper_confidence"",""classification_coverage_lower_confidence""]",hybrid,granite97m,decision_tree,COMPLETED_DEVELOPMENT_OOF,,31.05180700001074,5.14598197999876,0.5960646349318253,508,0.594488188976378,0.568623407734782,1.1140720912887836,0.5904469250720662,0.11414243294811272,0.6917293233082706,0,0.0,508,0,False,0,,0,0,0,,0,0,,27,0.95,0.5175747183866279,0.6705426356589147,0.46860240611082704,0.6488421100493275,0.0,0.0,,,,,,,,,,,,,,,,,,,,,,,,,,,,,,,,,,,,,,,,,,,,,,,,
26,classification,classification__tfidf__none__xgboost,False,False,False,FAIL,"[""classification_selective_risk"",""classification_coverage"",""classification_critical_upper_confidence"",""classification_risk_upper_confidence"",""classification_coverage_lower_confidence""]",tfidf,,xgboost,COMPLETED_DEVELOPMENT_OOF,,633.3204161000031,124.43575447999902,1.279312203679527,508,0.6456692913385826,0.5634965104508833,0.8992349566956346,0.47154311962826645,0.06439226866651249,0.7443609022556391,0,0.0,508,0,False,0,,0,0,0,,0,0,,14,0.95,0.5618765982162348,0.7225436410416162,0.4826943447333749,0.6494139746604376,0.0,0.0,,,,,,,,,,,,,,,,,,,,,,,,,,,,,,,,,,,,,,,,,,,,,,,,
27,classification,classification__embedding__multilingual_e5_small__xgboost,False,False,False,FAIL,"[""classification_selective_risk"",""classification_coverage"",""classification_critical_upper_confidence"",""classification_risk_upper_confidence"",""classification_coverage_lower_confidence""]",embedding,multilingual_e5_small,xgboost,COMPLETED_DEVELOPMENT_OOF,,190.0455224000034,37.15239063999324,0.06994279579394906,508,0.6318897637795275,0.5535093176490867,0.9011846890069949,0.4747182516919211,0.08078723595846471,0.6390977443609023,0,0.0,508,0,False,0,,0,0,0,,0,0,,29,0.95,0.554439460580109,0.705664555866985,0.4840263820906138,0.6200846186829566,0.0,0.0,,,,,,,,,,,,,,,,,,,,,,,,,,,,,,,,,,,,,,,,,,,,,,,,
28,classification,classification__hybrid__multilingual_e5_small__decision_tree,False,False,False,FAIL,"[""classification_selective_risk"",""classification_coverage"",""classification_critical_upper_confidence"",""classification_risk_upper_confidence"",""classification_coverage_lower_confidence""]",hybrid,multilingual_e5_small,decision_tree,COMPLETED_DEVELOPMENT_OOF,,35.09657639999932,5.851920660000178,0.5943920523132842,508,0.6082677165354331,0.5515761730725263,1.0864881249771776,0.5714776498771182,0.07336282999897033,0.7293233082706767,0,0.0,508,0,False,0,,0,0,0,,0,0,,10,0.95,0.5325372208436725,0.6815577851107254,0.46122233354145403,0.6351255155473857,0.0,0.0,,,,,,,,,,,,,,,,,,,,,,,,,,,,,,,,,,,,,,,,,,,,,,,,
29,classification,classification__embedding__multilingual_minilm_l12__xgboost,False,False,False,FAIL,"[""classification_selective_risk"",""classification_coverage"",""classification_critical_upper_confidence"",""classification_risk_upper_confidence"",""classification_coverage_lower_confidence""]",embedding,multilingual_minilm_l12,xgboost,COMPLETED_DEVELOPMENT_OOF,,174.96383839999908,34.105417459999444,0.07122878594198143,508,0.6594488188976378,0.5456421496096354,0.9100309095476377,0.48023669315254,0.04718294023246215,0.6992481203007519,0,0.0,508,0,False,0,,0,0,0,,0,0,,24,0.95,0.584613034623218,0.7343879446881091,0.4823174172965684,0.6009528111597958,0.0,0.0,,,,,,,,,,,,,,,,,,,,,,,,,,,,,,,,,,,,,,,,,,,,,,,,
30,classification,classification__hybrid__multilingual_minilm_l12__decision_tree,False,False,False,FAIL,"[""classification_selective_risk"",""classification_coverage"",""classification_critical_upper_confidence"",""classification_risk_upper_confidence"",""classification_coverage_lower_confidence""]",hybrid,multilingual_minilm_l12,decision_tree,COMPLETED_DEVELOPMENT_OOF,,30.969605899997987,5.099235380001483,0.6480659465860563,508,0.6240157480314961,0.5429795912116614,1.1159999684734963,0.5737872488976985,0.07392266408745449,0.706766917293233,0,0.0,508,0,False,0,,0,0,0,,0,0,,27,0.95,0.546168580927913,0.7027027027027027,0.45747168162034224,0.6257059851384607,0.0,0.0,,,,,,,,,,,,,,,,,,,,,,,,,,,,,,,,,,,,,,,,,,,,,,,,
31,classification,classification__tfidf__none__decision_tree,False,False,False,FAIL,"[""classification_selective_risk"",""classification_coverage"",""classification_critical_upper_confidence"",""classification_risk_upper_confidence"",""classification_coverage_lower_confidence""]",tfidf,,decision_tree,COMPLETED_DEVELOPMENT_OOF,,31.948707400006242,5.227232759998879,0.6871292294400234,508,0.6023622047244095,0.5414162433757428,1.089597244260851,0.5660748900295858,0.05459526341216081,0.706766917293233,0,0.0,508,0,False,0,,0,0,0,,0,0,,17,0.95,0.5177830737037898,0.6871581440759765,0.4439039785465313,0.6331660444969381,0.0,0.0,,,,,,,,,,,,,,,,,,,,,,,,,,,,,,,,,,,,,,,,,,,,,,,,
32,classification,classification__embedding__granite97m__xgboost,False,False,False,FAIL,"[""classification_selective_risk"",""classification_coverage"",""classification_critical_upper_confidence"",""classification_risk_upper_confidence"",""classification_coverage_lower_confidence""]",embedding,granite97m,xgboost,COMPLETED_DEVELOPMENT_OOF,,172.8050108000025,33.79275769999949,0.06415782862747524,508,0.6161417322834646,0.4987453543680919,0.9602913860122786,0.5106499289712102,0.04838898565019765,0.7368421052631579,0,0.0,508,0,False,0,,0,0,0,,0,0,,37,0.95,0.5410131884668163,0.693218747648077,0.4420241472086591,0.5537575831918014,0.0,0.0,,,,,,,,,,,,,,,,,,,,,,,,,,,,,,,,,,,,,,,,,,,,,,,,
33,classification,classification__embedding__granite97m__decision_tree,False,False,False,FAIL,"[""classification_selective_risk"",""classification_coverage"",""classification_critical_upper_confidence"",""classification_risk_upper_confidence"",""classification_coverage_lower_confidence""]",embedding,granite97m,decision_tree,COMPLETED_DEVELOPMENT_OOF,,14.05382849999296,1.1906273599975976,0.047021662910089676,508,0.48031496062992124,0.4147033522033522,1.247872044338466,0.6601252982515814,0.044225016331110485,0.5639097744360902,0,0.0,508,0,False,0,,0,0,0,,0,0,,44,0.95,0.40399036144578315,0.5542464830888956,0.34559011632595116,0.4903614724296617,0.0,0.0,,,,,,,,,,,,,,,,,,,,,,,,,,,,,,,,,,,,,,,,,,,,,,,,
34,classification,classification__embedding__multilingual_minilm_l12__decision_tree,False,False,False,FAIL,"[""classification_selective_risk"",""classification_coverage"",""classification_critical_upper_confidence"",""classification_risk_upper_confidence"",""classification_coverage_lower_confidence""]",embedding,multilingual_minilm_l12,decision_tree,COMPLETED_DEVELOPMENT_OOF,,7.54103269999905,0.7826866800023708,0.03615382894340907,508,0.4822834645669291,0.3982647071922656,1.2378807839125132,0.6628028979299455,0.08231367386794446,0.5112781954887218,0,0.0,508,0,False,0,,0,0,0,,0,0,,51,0.95,0.41304028758614825,0.5557888031191417,0.34325851127734897,0.44994697028951913,0.0,0.0,,,,,,,,,,,,,,,,,,,,,,,,,,,,,,,,,,,,,,,,,,,,,,,,
35,classification,classification__embedding__multilingual_e5_small__decision_tree,False,False,False,FAIL,"[""classification_selective_risk"",""classification_coverage"",""classification_critical_upper_confidence"",""classification_risk_upper_confidence"",""classification_coverage_lower_confidence""]",embedding,multilingual_e5_small,decision_tree,COMPLETED_DEVELOPMENT_OOF,,7.4995610999903874,0.8087980199983577,0.04004259648121503,508,0.43700787401574803,0.34798896106284916,1.2752600501685945,0.6871830293577147,0.0880647211693763,0.37593984962406013,0,0.0,508,0,False,0,,0,0,0,,0,0,,65,0.95,0.36099039238574127,0.5140346153846153,0.28911496396328806,0.4043075455415232,0.0,0.0,,,,,,,,,,,,,,,,,,,,,,,,,,,,,,,,,,,,,,,,,,,,,,,,
1,deduplication,deduplication__hybrid__granite97m__logistic_regression,False,False,True,UNDERPOWERED,"[""deduplication_safety_upper_confidence""]",hybrid,granite97m,logistic_regression,COMPLETED_DEVELOPMENT_OOF,,46.33637550000276,7.471122499994817,1.4101144999828346,600,,,0.011343595679018537,0.00027019981027645,0.011204319467176779,,,,300,,,,,,,,,,,,,0.95,,,,,,,,,300,300,1.0,1.0,1.0,1.0,600,1.0,300,300,0.5,300,0,300,0,1.0,1.0,0.0,0.0,0,60,0.04870291331009749,0,60,0.04870291331009749,0.0,0.0,0.0,1.0,1.0,1.0,1.0,1.0,1.0,1.0,1.0,0.0,0.0,0.0,0.0,0.0,0.0,1.0,1.0,0.4083333333333333,0.5833333333333334
2,deduplication,deduplication__hybrid__multilingual_minilm_l12__logistic_regression,False,False,True,UNDERPOWERED,"[""deduplication_safety_upper_confidence""]",hybrid,multilingual_minilm_l12,logistic_regression,COMPLETED_DEVELOPMENT_OOF,,46.53890769999998,7.48141732000222,1.1851711666531628,600,,,0.0115012220515233,0.000276667637972262,0.011358828863543276,,,,300,,,,,,,,,,,,,0.95,,,,,,,,,300,300,1.0,1.0,1.0,1.0,600,1.0,300,300,0.5,300,0,300,0,1.0,1.0,0.0,0.0,0,60,0.04870291331009749,0,60,0.04870291331009749,0.0,0.0,0.0,1.0,1.0,1.0,1.0,1.0,1.0,1.0,1.0,0.0,0.0,0.0,0.0,0.0,0.0,1.0,1.0,0.4083333333333333,0.5833333333333334
3,deduplication,deduplication__hybrid__multilingual_e5_small__logistic_regression,False,False,True,UNDERPOWERED,"[""deduplication_safety_upper_confidence""]",hybrid,multilingual_e5_small,logistic_regression,COMPLETED_DEVELOPMENT_OOF,,46.718924599990714,7.543884240000625,1.359841833327664,600,,,0.011275345608608218,0.0002609003737820252,0.011141159112889942,,,,300,,,,,,,,,,,,,0.95,,,,,,,,,300,300,1.0,1.0,1.0,1.0,600,1.0,300,300,0.5,300,0,300,0,1.0,1.0,0.0,0.0,0,60,0.04870291331009749,0,60,0.04870291331009749,0.0,0.0,0.0,1.0,1.0,1.0,1.0,1.0,1.0,1.0,1.0,0.0,0.0,0.0,0.0,0.0,0.0,1.0,1.0,0.4083333333333333,0.5833333333333334
4,deduplication,deduplication__hybrid_metadata__multilingual_minilm_l12__logistic_regression,False,False,True,UNDERPOWERED,"[""deduplication_safety_upper_confidence""]",hybrid_metadata,multilingual_minilm_l12,logistic_regression,COMPLETED_DEVELOPMENT_OOF,,47.305992300010985,7.646704059996409,1.1935596666686856,600,,,0.011552577510111815,0.00026905310694179803,0.01141475502230771,,,,300,,,,,,,,,,,,,0.95,,,,,,,,,300,300,1.0,1.0,1.0,1.0,600,1.0,300,300,0.5,300,0,300,0,1.0,1.0,0.0,0.0,0,60,0.04870291331009749,0,60,0.04870291331009749,0.0,0.0,0.0,1.0,1.0,1.0,1.0,1.0,1.0,1.0,1.0,0.0,0.0,0.0,0.0,0.0,0.0,1.0,1.0,0.4083333333333333,0.5833333333333334
5,deduplication,deduplication__hybrid_metadata__granite97m__logistic_regression,False,False,True,UNDERPOWERED,"[""deduplication_safety_upper_confidence""]",hybrid_metadata,granite97m,logistic_regression,COMPLETED_DEVELOPMENT_OOF,,47.425122799992096,7.6776120199938305,1.2859373333049007,600,,,0.011499171509228821,0.00026456290029919477,0.011363743703841855,,,,300,,,,,,,,,,,,,0.95,,,,,,,,,300,300,1.0,1.0,1.0,1.0,600,1.0,300,300,0.5,300,0,300,0,1.0,1.0,0.0,0.0,0,60,0.04870291331009749,0,60,0.04870291331009749,0.0,0.0,0.0,1.0,1.0,1.0,1.0,1.0,1.0,1.0,1.0,0.0,0.0,0.0,0.0,0.0,0.0,1.0,1.0,0.4083333333333333,0.5833333333333334
6,deduplication,deduplication__hybrid_metadata__multilingual_e5_small__logistic_regression,False,False,True,UNDERPOWERED,"[""deduplication_safety_upper_confidence""]",hybrid_metadata,multilingual_e5_small,logistic_regression,COMPLETED_DEVELOPMENT_OOF,,49.84942030000093,8.206339499997558,1.2027048333159958,600,,,0.011453755844326978,0.0002607917384797488,0.011320313388154868,,,,300,,,,,,,,,,,,,0.95,,,,,,,,,300,300,1.0,1.0,1.0,1.0,600,1.0,300,300,0.5,300,0,300,0,1.0,1.0,0.0,0.0,0,60,0.04870291331009749,0,60,0.04870291331009749,0.0,0.0,0.0,1.0,1.0,1.0,1.0,1.0,1.0,1.0,1.0,0.0,0.0,0.0,0.0,0.0,0.0,1.0,1.0,0.4083333333333333,0.5833333333333334
7,deduplication,deduplication__hybrid__multilingual_minilm_l12__linear_svm,False,False,True,UNDERPOWERED,"[""deduplication_safety_upper_confidence""]",hybrid,multilingual_minilm_l12,linear_svm,COMPLETED_DEVELOPMENT_OOF,,49.9419082999957,8.250982040000963,1.2184934999822872,600,,,0.010387766339275474,0.00013428774707986495,0.010319806651034824,,,,300,,,,,,,,,,,,,0.95,,,,,,,,,300,300,1.0,1.0,1.0,1.0,600,1.0,300,300,0.5,300,0,300,0,1.0,1.0,0.0,0.0,0,60,0.04870291331009749,0,60,0.04870291331009749,0.0,0.0,0.0,1.0,1.0,1.0,1.0,1.0,1.0,1.0,1.0,0.0,0.0,0.0,0.0,0.0,0.0,1.0,1.0,0.4083333333333333,0.5833333333333334
8,deduplication,deduplication__hybrid__multilingual_e5_small__linear_svm,False,False,True,UNDERPOWERED,"[""deduplication_safety_upper_confidence""]",hybrid,multilingual_e5_small,linear_svm,COMPLETED_DEVELOPMENT_OOF,,50.066986399993766,8.258188359998167,1.3164003333319367,600,,,0.010261766786620581,0.00012833091788486798,0.01019685178917451,,,,300,,,,,,,,,,,,,0.95,,,,,,,,,300,300,1.0,1.0,1.0,1.0,600,1.0,300,300,0.5,300,0,300,0,1.0,1.0,0.0,0.0,0,60,0.04870291331009749,0,60,0.04870291331009749,0.0,0.0,0.0,1.0,1.0,1.0,1.0,1.0,1.0,1.0,1.0,0.0,0.0,0.0,0.0,0.0,0.0,1.0,1.0,0.4083333333333333,0.5833333333333334
9,deduplication,deduplication__hybrid__granite97m__linear_svm,False,False,True,UNDERPOWERED,"[""deduplication_safety_upper_confidence""]",hybrid,granite97m,linear_svm,COMPLETED_DEVELOPMENT_OOF,,52.1232253999915,8.654717399997754,1.2718828332920868,600,,,0.010291803687824883,0.00013070036708111153,0.010225656150336881,,,,300,,,,,,,,,,,,,0.95,,,,,,,,,300,300,1.0,1.0,1.0,1.0,600,1.0,300,300,0.5,300,0,300,0,1.0,1.0,0.0,0.0,0,60,0.04870291331009749,0,60,0.04870291331009749,0.0,0.0,0.0,1.0,1.0,1.0,1.0,1.0,1.0,1.0,1.0,0.0,0.0,0.0,0.0,0.0,0.0,1.0,1.0,0.4083333333333333,0.5833333333333334
10,deduplication,deduplication__hybrid_metadata__multilingual_minilm_l12__linear_svm,False,False,True,UNDERPOWERED,"[""deduplication_safety_upper_confidence""]",hybrid_metadata,multilingual_minilm_l12,linear_svm,COMPLETED_DEVELOPMENT_OOF,,52.96406620000198,8.815129320000414,1.2323188333054227,600,,,0.01036931402539214,0.00012128464591443141,0.010308122389045549,,,,300,,,,,,,,,,,,,0.95,,,,,,,,,300,300,1.0,1.0,1.0,1.0,600,1.0,300,300,0.5,300,0,300,0,1.0,1.0,0.0,0.0,0,60,0.04870291331009749,0,60,0.04870291331009749,0.0,0.0,0.0,1.0,1.0,1.0,1.0,1.0,1.0,1.0,1.0,0.0,0.0,0.0,0.0,0.0,0.0,1.0,1.0,0.4083333333333333,0.5833333333333334
11,deduplication,deduplication__hybrid_metadata__multilingual_e5_small__linear_svm,False,False,True,UNDERPOWERED,"[""deduplication_safety_upper_confidence""]",hybrid_metadata,multilingual_e5_small,linear_svm,COMPLETED_DEVELOPMENT_OOF,,53.89221210000687,8.97874064000207,1.315868499999245,600,,,0.010244949496799851,0.00011643299796070344,0.010186224176791825,,,,300,,,,,,,,,,,,,0.95,,,,,,,,,300,300,1.0,1.0,1.0,1.0,600,1.0,300,300,0.5,300,0,300,0,1.0,1.0,0.0,0.0,0,60,0.04870291331009749,0,60,0.04870291331009749,0.0,0.0,0.0,1.0,1.0,1.0,1.0,1.0,1.0,1.0,1.0,0.0,0.0,0.0,0.0,0.0,0.0,1.0,1.0,0.4083333333333333,0.5833333333333334
12,deduplication,deduplication__hybrid_metadata__granite97m__linear_svm,False,False,True,UNDERPOWERED,"[""deduplication_safety_upper_confidence""]",hybrid_metadata,granite97m,linear_svm,COMPLETED_DEVELOPMENT_OOF,,54.50462989999505,9.00154373999976,1.2984574999669956,600,,,0.010268852954327607,0.00011770645872689463,0.010209475096443876,,,,300,,,,,,,,,,,,,0.95,,,,,,,,,300,300,1.0,1.0,1.0,1.0,600,1.0,300,300,0.5,300,0,300,0,1.0,1.0,0.0,0.0,0,60,0.04870291331009749,0,60,0.04870291331009749,0.0,0.0,0.0,1.0,1.0,1.0,1.0,1.0,1.0,1.0,1.0,0.0,0.0,0.0,0.0,0.0,0.0,1.0,1.0,0.4083333333333333,0.5833333333333334
13,deduplication,deduplication__tfidf__none__linear_svm,False,False,True,UNDERPOWERED,"[""deduplication_safety_upper_confidence""]",tfidf,,linear_svm,COMPLETED_DEVELOPMENT_OOF,,105.13776389999839,17.403061620000518,3.0113148333354425,600,,,0.01025723766098681,0.00012832624939746725,0.010192321017745698,,,,300,,,,,,,,,,,,,0.95,,,,,,,,,300,300,1.0,1.0,1.0,1.0,600,1.0,300,300,0.5,300,0,300,0,1.0,1.0,0.0,0.0,0,60,0.04870291331009749,0,60,0.04870291331009749,0.0,0.0,0.0,1.0,1.0,1.0,1.0,1.0,1.0,1.0,1.0,0.0,0.0,0.0,0.0,0.0,0.0,1.0,1.0,0.4083333333333333,0.5833333333333334
14,deduplication,deduplication__tfidf__none__logistic_regression,False,False,True,UNDERPOWERED,"[""deduplication_safety_upper_confidence""]",tfidf,,logistic_regression,COMPLETED_DEVELOPMENT_OOF,,151.727092000001,24.249806199999874,4.138244833326705,600,,,0.011274888434943568,0.0002613811139125639,0.011140407013850797,,,,300,,,,,,,,,,,,,0.95,,,,,,,,,300,300,1.0,1.0,1.0,1.0,600,1.0,300,300,0.5,300,0,300,0,1.0,1.0,0.0,0.0,0,60,0.04870291331009749,0,60,0.04870291331009749,0.0,0.0,0.0,1.0,1.0,1.0,1.0,1.0,1.0,1.0,1.0,0.0,0.0,0.0,0.0,0.0,0.0,1.0,1.0,0.4083333333333333,0.5833333333333334
15,deduplication,deduplication__hybrid_metadata__multilingual_minilm_l12__mlp,False,False,True,UNDERPOWERED,"[""deduplication_safety_upper_confidence""]",hybrid_metadata,multilingual_minilm_l12,mlp,COMPLETED_DEVELOPMENT_OOF,,236.1355407999945,45.445140580003496,1.2225925000044906,600,,,0.010106593099371286,0.00010121864493813724,0.010055641214139488,,,,300,,,,,,,,,,,,,0.95,,,,,,,,,300,300,1.0,1.0,1.0,1.0,600,1.0,300,300,0.5,300,0,300,0,1.0,1.0,0.0,0.0,0,60,0.04870291331009749,0,60,0.04870291331009749,0.0,0.0,0.0,1.0,1.0,1.0,1.0,1.0,1.0,1.0,1.0,0.0,0.0,0.0,0.0,0.0,0.0,1.0,1.0,0.4083333333333333,0.5833333333333334
16,deduplication,deduplication__hybrid_metadata__granite97m__mlp,False,False,True,UNDERPOWERED,"[""deduplication_safety_upper_confidence""]",hybrid_metadata,granite97m,mlp,COMPLETED_DEVELOPMENT_OOF,,238.97379720000026,45.8664349800034,1.3366251666593598,600,,,0.010102739761234767,0.00010113763856968359,0.010051828815825226,,,,300,,,,,,,,,,,,,0.95,,,,,,,,,300,300,1.0,1.0,1.0,1.0,600,1.0,300,300,0.5,300,0,300,0,1.0,1.0,0.0,0.0,0,60,0.04870291331009749,0,60,0.04870291331009749,0.0,0.0,0.0,1.0,1.0,1.0,1.0,1.0,1.0,1.0,1.0,0.0,0.0,0.0,0.0,0.0,0.0,1.0,1.0,0.4083333333333333,0.5833333333333334
17,deduplication,deduplication__hybrid_metadata__multilingual_e5_small__mlp,False,False,True,UNDERPOWERED,"[""deduplication_safety_upper_confidence""]",hybrid_metadata,multilingual_e5_small,mlp,COMPLETED_DEVELOPMENT_OOF,,239.00033470000199,46.00999732000346,1.2358909999845007,600,,,0.010101477316349338,0.0001011105617425354,0.010050580056972236,,,,300,,,,,,,,,,,,,0.95,,,,,,,,,300,300,1.0,1.0,1.0,1.0,600,1.0,300,300,0.5,300,0,300,0,1.0,1.0,0.0,0.0,0,60,0.04870291331009749,0,60,0.04870291331009749,0.0,0.0,0.0,1.0,1.0,1.0,1.0,1.0,1.0,1.0,1.0,0.0,0.0,0.0,0.0,0.0,0.0,1.0,1.0,0.4083333333333333,0.5833333333333334
18,deduplication,deduplication__hybrid__multilingual_minilm_l12__mlp,False,False,True,UNDERPOWERED,"[""deduplication_safety_upper_confidence""]",hybrid,multilingual_minilm_l12,mlp,COMPLETED_DEVELOPMENT_OOF,,249.51808300000266,48.122648839998874,1.1968041666356537,600,,,0.010095161845290516,0.0001009969216387855,0.0100443219129287,,,,300,,,,,,,,,,,,,0.95,,,,,,,,,300,300,1.0,1.0,1.0,1.0,600,1.0,300,300,0.5,300,0,300,0,1.0,1.0,0.0,0.0,0,60,0.04870291331009749,0,60,0.04870291331009749,0.0,0.0,0.0,1.0,1.0,1.0,1.0,1.0,1.0,1.0,1.0,0.0,0.0,0.0,0.0,0.0,0.0,1.0,1.0,0.4083333333333333,0.5833333333333334
19,deduplication,deduplication__hybrid__multilingual_e5_small__mlp,False,False,True,UNDERPOWERED,"[""deduplication_safety_upper_confidence""]",hybrid,multilingual_e5_small,mlp,COMPLETED_DEVELOPMENT_OOF,,259.40231859999767,50.085173519997625,1.4102545000059763,600,,,0.010095342578767845,0.00010099787102208783,0.010044502182511739,,,,300,,,,,,,,,,,,,0.95,,,,,,,,,300,300,1.0,1.0,1.0,1.0,600,1.0,300,300,0.5,300,0,300,0,1.0,1.0,0.0,0.0,0,60,0.04870291331009749,0,60,0.04870291331009749,0.0,0.0,0.0,1.0,1.0,1.0,1.0,1.0,1.0,1.0,1.0,0.0,0.0,0.0,0.0,0.0,0.0,1.0,1.0,0.4083333333333333,0.5833333333333334
20,deduplication,deduplication__hybrid__granite97m__mlp,False,False,True,UNDERPOWERED,"[""deduplication_safety_upper_confidence""]",hybrid,granite97m,mlp,COMPLETED_DEVELOPMENT_OOF,,286.61473630000546,55.56118998000456,1.216661166715009,600,,,0.01009658117397172,0.00010102796535830281,0.010045725546111717,,,,300,,,,,,,,,,,,,0.95,,,,,,,,,300,300,1.0,1.0,1.0,1.0,600,1.0,300,300,0.5,300,0,300,0,1.0,1.0,0.0,0.0,0,60,0.04870291331009749,0,60,0.04870291331009749,0.0,0.0,0.0,1.0,1.0,1.0,1.0,1.0,1.0,1.0,1.0,0.0,0.0,0.0,0.0,0.0,0.0,1.0,1.0,0.4083333333333333,0.5833333333333334
21,deduplication,deduplication__tfidf__none__mlp,False,False,True,UNDERPOWERED,"[""deduplication_safety_upper_confidence""]",tfidf,,mlp,COMPLETED_DEVELOPMENT_OOF,,482.1191306000037,92.60867602000071,1.9257369999953273,600,,,0.01010122687772916,0.00010112732383301609,0.010050321025586673,,,,300,,,,,,,,,,,,,0.95,,,,,,,,,300,300,1.0,1.0,1.0,1.0,600,1.0,300,300,0.5,300,0,300,0,1.0,1.0,0.0,0.0,0,60,0.04870291331009749,0,60,0.04870291331009749,0.0,0.0,0.0,1.0,1.0,1.0,1.0,1.0,1.0,1.0,1.0,0.0,0.0,0.0,0.0,0.0,0.0,1.0,1.0,0.4083333333333333,0.5833333333333334
22,deduplication,deduplication__hybrid_metadata__granite97m__xgboost,False,False,True,UNDERPOWERED,"[""deduplication_safety_upper_confidence""]",hybrid_metadata,granite97m,xgboost,COMPLETED_DEVELOPMENT_OOF,,202.76684290000412,38.548370759998214,1.262650333325534,600,,,0.057525157120366294,0.016352551326901638,0.012720195456305657,,,,323,,,,,,,,,,,,,0.95,,,,,,,,,300,300,0.9733333333333334,0.974025974025974,1.0,0.9999999999999999,577,0.9616666666666667,300,277,0.46166666666666667,300,0,277,0,1.0,1.0,0.0,0.0,0,60,0.04870291331009749,0,60,0.04870291331009749,0.0,0.0,0.0,0.9433333333333334,0.995,0.9445609235167542,0.994992641965555,1.0,1.0,1.0,1.0,0.0,0.0,0.0,0.0,0.0,0.0,0.9233333333333333,0.9916666666666667,0.37162500000000004,0.545
23,deduplication,deduplication__hybrid__granite97m__xgboost,False,False,True,UNDERPOWERED,"[""deduplication_safety_upper_confidence""]",hybrid,granite97m,xgboost,COMPLETED_DEVELOPMENT_OOF,,207.07039619999705,39.30944078000321,1.4143855000050582,600,,,0.057525157120366294,0.016352551326901638,0.012720195456305657,,,,323,,,,,,,,,,,,,0.95,,,,,,,,,300,300,0.9733333333333334,0.974025974025974,1.0,0.9999999999999999,577,0.9616666666666667,300,277,0.46166666666666667,300,0,277,0,1.0,1.0,0.0,0.0,0,60,0.04870291331009749,0,60,0.04870291331009749,0.0,0.0,0.0,0.9433333333333334,0.995,0.9445609235167542,0.994992641965555,1.0,1.0,1.0,1.0,0.0,0.0,0.0,0.0,0.0,0.0,0.9233333333333333,0.9916666666666667,0.37162500000000004,0.545
24,deduplication,deduplication__embedding__granite97m__linear_svm,False,False,True,UNDERPOWERED,"[""deduplication_safety_upper_confidence""]",embedding,granite97m,linear_svm,COMPLETED_DEVELOPMENT_OOF,,9.251128599993535,0.9160398600040935,0.056950333334195115,600,,,0.028801887181886022,0.005915803046891299,0.020558974301601536,,,,305,,,,,,,,,,,,,0.95,,,,,,,,,300,300,0.995,0.9950248756218906,0.9998213183379674,0.9998222222222222,592,0.9866666666666667,297,295,0.49166666666666664,295,2,295,0,0.9932659932659933,1.0,0.006666666666666667,0.0,0,60,0.04870291331009749,1,60,0.07663999493450448,2.0,0.0033333333333333335,0.0033783783783783786,0.985,1.0,0.9848433390685389,1.0,0.977693086611552,1.0,1.0,1.0,0.0,0.021828282828282773,0.0,0.0,0.0,0.01,0.97,0.9983333333333333,0.395,0.575
25,deduplication,deduplication__embedding__multilingual_e5_small__mlp,False,False,True,UNDERPOWERED,"[""deduplication_safety_upper_confidence""]",embedding,multilingual_e5_small,mlp,COMPLETED_DEVELOPMENT_OOF,,264.5512871999963,51.891760900005465,0.2110151666662811,600,,,0.03543562014586181,0.007509602834654931,0.015150314849135399,,,,310,,,,,,,,,,,,,0.95,,,,,,,,,300,300,0.99,0.9900332225913622,0.999653201920081,0.9996555555555555,583,0.9716666666666667,293,290,0.48333333333333334,291,2,290,0,0.9931740614334471,1.0,0.006666666666666667,0.0,0,60,0.04870291331009749,1,60,0.07663999493450448,2.0,0.0033333333333333335,0.003430531732418525,0.9783333333333334,0.9983333333333333,0.9783159258404663,0.998331660359416,0.9751533445560263,1.0,1.0,1.0,0.0,0.022857142857142857,0.0,0.0,0.0,0.01,0.955,0.9866666666666667,0.39,0.5650416666666664
26,deduplication,deduplication__embedding__granite97m__mlp,False,False,True,UNDERPOWERED,"[""deduplication_safety_upper_confidence""]",embedding,granite97m,mlp,COMPLETED_DEVELOPMENT_OOF,,168.2816693000059,32.51152058000152,0.2497086666941565,600,,,0.028203054590747095,0.00617492898216466,0.008148013234131156,,,,304,,,,,,,,,,,,,0.95,,,,,,,,,300,300,0.9933333333333333,0.9933774834437086,0.9996885896505769,0.999688888888889,597,0.995,301,296,0.49333333333333335,298,3,296,0,0.9900332225913622,1.0,0.01,0.0,0,60,0.04870291331009749,1,60,0.07663999493450448,3.0,0.005,0.005025125628140704,0.98,1.0,0.9797841395343614,1.0,0.9673793158567775,1.0,1.0,1.0,0.0,0.03274242424242416,0.0,0.0,0.0,0.015,0.9866666666666667,1.0,0.39666666666666667,0.5766666666666667
27,deduplication,deduplication__tfidf__none__xgboost,False,False,True,UNDERPOWERED,"[""deduplication_safety_upper_confidence""]",tfidf,,xgboost,COMPLETED_DEVELOPMENT_OOF,,195.28950059999625,35.81777341999987,2.1795451666912413,600,,,0.08179831506315444,0.020420770212433357,0.01876040813915507,,,,315,,,,,,,,,,,,,0.95,,,,,,,,,300,300,0.975,0.975609756097561,0.9957430382259839,0.9961666666666666,535,0.8916666666666667,250,285,0.475,245,5,285,0,0.98,1.0,0.016666666666666666,0.0,0,60,0.04870291331009749,1,60,0.07663999493450448,5.0,0.008333333333333333,0.009345794392523364,0.9416666666666667,1.0,0.9416301855326246,1.0,0.9321937596302002,1.0,1.0,1.0,0.0,0.05555555555555555,0.0,0.0,0.0,0.025,0.8333333333333334,0.9418749999999988,0.38333333333333336,0.5583333333333333
28,deduplication,deduplication__hybrid_metadata__multilingual_e5_small__xgboost,False,False,True,UNDERPOWERED,"[""deduplication_safety_upper_confidence""]",hybrid_metadata,multilingual_e5_small,xgboost,COMPLETED_DEVELOPMENT_OOF,,200.97489009999845,38.19984844000428,1.3968583333674662,600,,,0.07875883153947166,0.019838684869886453,0.009882986025600659,,,,315,,,,,,,,,,,,,0.95,,,,,,,,,300,300,0.975,0.975609756097561,0.9963587705068835,0.9966666666666667,535,0.8916666666666667,250,285,0.475,245,5,285,0,0.98,1.0,0.016666666666666666,0.0,0,60,0.04870291331009749,1,60,0.07663999493450448,5.0,0.008333333333333333,0.009345794392523364,0.9416666666666667,1.0,0.9416301855326246,1.0,0.9321937596302002,1.0,1.0,1.0,0.0,0.05555555555555555,0.0,0.0,0.0,0.025,0.8333333333333334,0.9418749999999988,0.38333333333333336,0.5583333333333333
29,deduplication,deduplication__hybrid__multilingual_minilm_l12__xgboost,False,False,True,UNDERPOWERED,"[""deduplication_safety_upper_confidence""]",hybrid,multilingual_minilm_l12,xgboost,COMPLETED_DEVELOPMENT_OOF,,202.73944220000703,38.65252991999732,1.222079833338891,600,,,0.07947355004163069,0.02049925654246888,0.01863485022346095,,,,315,,,,,,,,,,,,,0.95,,,,,,,,,300,300,0.975,0.975609756097561,0.9963595473481884,0.9966666666666666,535,0.8916666666666667,250,285,0.475,245,5,285,0,0.98,1.0,0.016666666666666666,0.0,0,60,0.04870291331009749,1,60,0.07663999493450448,5.0,0.008333333333333333,0.009345794392523364,0.9416666666666667,1.0,0.9416301855326246,1.0,0.9321937596302002,1.0,1.0,1.0,0.0,0.05555555555555555,0.0,0.0,0.0,0.025,0.8333333333333334,0.9418749999999988,0.38333333333333336,0.5583333333333333
30,deduplication,deduplication__hybrid_metadata__multilingual_minilm_l12__xgboost,False,False,True,UNDERPOWERED,"[""deduplication_safety_upper_confidence""]",hybrid_metadata,multilingual_minilm_l12,xgboost,COMPLETED_DEVELOPMENT_OOF,,205.8730188000045,39.113704259996304,1.3278128333089019,600,,,0.07947153279441029,0.020499211411267124,0.01863285580714655,,,,315,,,,,,,,,,,,,0.95,,,,,,,,,300,300,0.975,0.975609756097561,0.9963595473481885,0.9966666666666667,535,0.8916666666666667,250,285,0.475,245,5,285,0,0.98,1.0,0.016666666666666666,0.0,0,60,0.04870291331009749,1,60,0.07663999493450448,5.0,0.008333333333333333,0.009345794392523364,0.9416666666666667,1.0,0.9416301855326246,1.0,0.9321937596302002,1.0,1.0,1.0,0.0,0.05555555555555555,0.0,0.0,0.0,0.025,0.8333333333333334,0.9418749999999988,0.38333333333333336,0.5583333333333333
31,deduplication,deduplication__hybrid__multilingual_e5_small__xgboost,False,False,True,UNDERPOWERED,"[""deduplication_safety_upper_confidence""]",hybrid,multilingual_e5_small,xgboost,COMPLETED_DEVELOPMENT_OOF,,207.1365833000018,39.47208372000023,1.3196913332891806,600,,,0.07875883153947166,0.019838684869886453,0.009882986025600659,,,,315,,,,,,,,,,,,,0.95,,,,,,,,,300,300,0.975,0.975609756097561,0.9963587705068835,0.9966666666666667,535,0.8916666666666667,250,285,0.475,245,5,285,0,0.98,1.0,0.016666666666666666,0.0,0,60,0.04870291331009749,1,60,0.07663999493450448,5.0,0.008333333333333333,0.009345794392523364,0.9416666666666667,1.0,0.9416301855326246,1.0,0.9321937596302002,1.0,1.0,1.0,0.0,0.05555555555555555,0.0,0.0,0.0,0.025,0.8333333333333334,0.9418749999999988,0.38333333333333336,0.5583333333333333
32,deduplication,deduplication__embedding__multilingual_e5_small__xgboost,False,False,True,UNDERPOWERED,"[""deduplication_safety_upper_confidence""]",embedding,multilingual_e5_small,xgboost,COMPLETED_DEVELOPMENT_OOF,,81.47114689998853,15.383057000002008,0.075162499997532,600,,,0.12060018976258066,0.0312797194458449,0.010016563917503203,,,,389,,,,,,,,,,,,,0.95,,,,,,,,,300,300,0.9633333333333334,0.9639344262295082,0.9885381064613158,0.9895444444444443,435,0.725,224,211,0.3516666666666667,213,11,211,0,0.9508928571428571,1.0,0.03666666666666667,0.0,0,60,0.04870291331009749,5,60,0.16726307642508967,11.0,0.018333333333333333,0.02528735632183908,0.9333333333333333,0.9866666666666667,0.9349743423385511,0.9866239523224614,0.8953401162790698,0.9904773188896412,1.0,1.0,0.0072694805194805255,0.07333333333333333,0.0,0.0,0.0033333333333333335,0.03833333333333333,0.6516666666666666,0.8,0.27,0.42833333333333334
33,deduplication,deduplication__embedding__multilingual_e5_small__linear_svm,False,False,True,UNDERPOWERED,"[""deduplication_safety_upper_confidence""]",embedding,multilingual_e5_small,linear_svm,COMPLETED_DEVELOPMENT_OOF,,10.102316100004828,1.1345621000014945,0.05638883337572528,600,,,0.05868802445060128,0.014421113215308503,0.02608220079845637,,,,321,,,,,,,,,,,,,0.95,,,,,,,,,300,300,0.9783333333333334,0.978441127694859,0.9986241940974455,0.9986555555555556,556,0.9266666666666666,277,279,0.465,276,1,278,1,0.9963898916967509,0.996415770609319,0.0033333333333333335,0.0033333333333333335,1,60,0.07663999493450448,1,60,0.07663999493450448,6.0,0.01,0.01079136690647482,0.9616666666666667,0.9916666666666667,0.9621890933533992,0.9916666435184542,0.9868421052631579,1.0,0.9882329690769589,1.0,0.0,0.011428571428571429,0.0,0.010719155844155817,0.0,0.028333333333333332,0.8933333333333333,0.9566666666666667,0.37333333333333335,0.5483333333333333
34,deduplication,deduplication__hybrid_metadata__multilingual_minilm_l12__decision_tree,False,False,True,UNDERPOWERED,"[""deduplication_safety_upper_confidence""]",hybrid_metadata,multilingual_minilm_l12,decision_tree,COMPLETED_DEVELOPMENT_OOF,,65.45851740000944,11.259386239998275,1.522161166673565,600,,,0.03739488468740427,0.004641666516257772,0.02029993495278587,,,,350,,,,,,,,,,,,,0.95,,,,,,,,,300,300,0.9966666666666667,0.9966666666666667,0.9971119894598156,0.9974722222222222,480,0.8,230,250,0.4166666666666667,229,1,249,1,0.9956521739130435,0.996,0.0033333333333333335,0.0033333333333333335,1,60,0.07663999493450448,1,60,0.07663999493450448,6.0,0.01,0.0125,0.9916666666666667,1.0,0.9916060201623396,1.0,0.9847696312027349,1.0,0.986043236161153,1.0,0.0,0.010914141414141387,0.0,0.011111111111111112,0.0,0.028374999999999772,0.725,0.875,0.325,0.505
35,deduplication,deduplication__hybrid__multilingual_minilm_l12__decision_tree,False,False,True,UNDERPOWERED,"[""deduplication_safety_upper_confidence""]",hybrid,multilingual_minilm_l12,decision_tree,COMPLETED_DEVELOPMENT_OOF,,65.9064936000068,11.348690260000875,1.2278078333474696,600,,,0.03739488468740427,0.004641666516257772,0.02029993495278587,,,,350,,,,,,,,,,,,,0.95,,,,,,,,,300,300,0.9966666666666667,0.9966666666666667,0.9971119894598156,0.9974722222222222,480,0.8,230,250,0.4166666666666667,229,1,249,1,0.9956521739130435,0.996,0.0033333333333333335,0.0033333333333333335,1,60,0.07663999493450448,1,60,0.07663999493450448,6.0,0.01,0.0125,0.9916666666666667,1.0,0.9916060201623396,1.0,0.9847696312027349,1.0,0.986043236161153,1.0,0.0,0.010914141414141387,0.0,0.011111111111111112,0.0,0.028374999999999772,0.725,0.875,0.325,0.505
36,deduplication,deduplication__hybrid__multilingual_e5_small__decision_tree,False,False,True,UNDERPOWERED,"[""deduplication_safety_upper_confidence""]",hybrid,multilingual_e5_small,decision_tree,COMPLETED_DEVELOPMENT_OOF,,65.75855669999146,11.414119759999448,1.1902731666729476,600,,,0.03739488468740427,0.004641666516257772,0.02029993495278587,,,,350,,,,,,,,,,,,,0.95,,,,,,,,,300,300,0.9966666666666667,0.9966666666666667,0.9971119894598156,0.9974722222222222,480,0.8,230,250,0.4166666666666667,229,1,249,1,0.9956521739130435,0.996,0.0033333333333333335,0.0033333333333333335,1,60,0.07663999493450448,1,60,0.07663999493450448,6.0,0.01,0.0125,0.9916666666666667,1.0,0.9916060201623396,1.0,0.9847696312027349,1.0,0.986043236161153,1.0,0.0,0.010914141414141387,0.0,0.011111111111111112,0.0,0.028374999999999772,0.725,0.875,0.325,0.505
37,deduplication,deduplication__hybrid_metadata__multilingual_e5_small__decision_tree,False,False,True,UNDERPOWERED,"[""deduplication_safety_upper_confidence""]",hybrid_metadata,multilingual_e5_small,decision_tree,COMPLETED_DEVELOPMENT_OOF,,67.02185520000057,11.552069120001397,1.2495748333458323,600,,,0.03739488468740427,0.004641666516257772,0.02029993495278587,,,,350,,,,,,,,,,,,,0.95,,,,,,,,,300,300,0.9966666666666667,0.9966666666666667,0.9971119894598156,0.9974722222222222,480,0.8,230,250,0.4166666666666667,229,1,249,1,0.9956521739130435,0.996,0.0033333333333333335,0.0033333333333333335,1,60,0.07663999493450448,1,60,0.07663999493450448,6.0,0.01,0.0125,0.9916666666666667,1.0,0.9916060201623396,1.0,0.9847696312027349,1.0,0.986043236161153,1.0,0.0,0.010914141414141387,0.0,0.011111111111111112,0.0,0.028374999999999772,0.725,0.875,0.325,0.505
38,deduplication,deduplication__tfidf__none__decision_tree,False,False,True,UNDERPOWERED,"[""deduplication_safety_upper_confidence""]",tfidf,,decision_tree,COMPLETED_DEVELOPMENT_OOF,,106.04757030000474,19.055704959998547,1.6375638333435443,600,,,0.03739488468740427,0.004641666516257772,0.02029993495278587,,,,350,,,,,,,,,,,,,0.95,,,,,,,,,300,300,0.9966666666666667,0.9966666666666667,0.9971119894598156,0.9974722222222222,480,0.8,230,250,0.4166666666666667,229,1,249,1,0.9956521739130435,0.996,0.0033333333333333335,0.0033333333333333335,1,60,0.07663999493450448,1,60,0.07663999493450448,6.0,0.01,0.0125,0.9916666666666667,1.0,0.9916060201623396,1.0,0.9847696312027349,1.0,0.986043236161153,1.0,0.0,0.010914141414141387,0.0,0.011111111111111112,0.0,0.028374999999999772,0.725,0.875,0.325,0.505
39,deduplication,deduplication__embedding__multilingual_e5_small__logistic_regression,False,False,True,UNDERPOWERED,"[""deduplication_safety_upper_confidence""]",embedding,multilingual_e5_small,logistic_regression,COMPLETED_DEVELOPMENT_OOF,,7.843911399992066,0.4012938200001372,0.07839650005432001,600,,,0.13742117639338494,0.03955203439810538,0.03132645540879063,,,,379,,,,,,,,,,,,,0.95,,,,,,,,,300,300,0.9416666666666667,0.9432739059967585,0.9902816070537204,0.990588888888889,452,0.7533333333333333,231,221,0.36833333333333335,226,5,220,1,0.9783549783549783,0.995475113122172,0.016666666666666666,0.0033333333333333335,1,60,0.07663999493450448,3,60,0.1241872104774361,10.0,0.016666666666666666,0.022123893805309734,0.9166666666666666,0.9633333333333334,0.9162542634766219,0.9632748076001253,0.9433759140561524,1.0,0.9847696312027349,1.0,0.0,0.041935483870967745,0.0,0.011111111111111112,0.0016666666666666668,0.04,0.6933333333333334,0.81,0.29,0.445
40,deduplication,deduplication__embedding__multilingual_minilm_l12__xgboost,False,False,True,UNDERPOWERED,"[""deduplication_safety_upper_confidence""]",embedding,multilingual_minilm_l12,xgboost,COMPLETED_DEVELOPMENT_OOF,,85.16550820000703,16.063017099999705,0.08512066667511438,600,,,0.05224474715043625,0.011785854053298465,0.01875673035185658,,,,323,,,,,,,,,,,,,0.95,,,,,,,,,300,300,0.9883333333333333,0.9883527454242929,0.9987797127275279,0.9986777777777778,538,0.8966666666666666,261,277,0.46166666666666667,261,0,275,2,1.0,0.9927797833935018,0.0,0.006666666666666667,1,60,0.07663999493450448,0,60,0.04870291331009749,10.0,0.016666666666666666,0.01858736059479554,0.9766666666666667,0.9967083333333331,0.9765994217254638,0.9982745806868669,1.0,1.0,0.9752040396419875,1.0,0.0,0.0,0.0,0.022222222222222223,0.0,0.05,0.8516666666666667,0.9383333333333334,0.37166666666666665,0.545
41,deduplication,deduplication__embedding__multilingual_minilm_l12__mlp,False,False,True,UNDERPOWERED,"[""deduplication_safety_upper_confidence""]",embedding,multilingual_minilm_l12,mlp,COMPLETED_DEVELOPMENT_OOF,,98.26062690000981,18.645413000005647,0.19013183334512482,600,,,0.045707391014287974,0.01120360740997734,0.01058353990404403,,,,363,,,,,,,,,,,,,0.95,,,,,,,,,300,300,0.9866666666666667,0.9865319865319865,0.9991964610883443,0.9991444444444444,528,0.88,291,237,0.395,290,1,234,3,0.9965635738831615,0.9873417721518988,0.0033333333333333335,0.01,2,60,0.10123589492416166,1,60,0.07663999493450448,16.0,0.02666666666666667,0.030303030303030304,0.9683333333333334,1.0,0.967930221316468,1.0,0.9872306108442004,1.0,0.9645984007906203,1.0,0.0,0.012003030303030286,0.0,0.026475490196078404,0.0,0.06833333333333333,0.8216666666666667,0.9333749999999998,0.31166666666666665,0.47833333333333333
42,deduplication,deduplication__hybrid_metadata__granite97m__decision_tree,False,False,True,UNDERPOWERED,"[""deduplication_safety_upper_confidence""]",hybrid_metadata,granite97m,decision_tree,COMPLETED_DEVELOPMENT_OOF,,68.90827690000879,11.913649319999967,1.3313123333500698,600,,,0.16208779055586187,0.035871686633209936,0.014820493922469865,,,,416,,,,,,,,,,,,,0.95,,,,,,,,,300,300,0.9566666666666667,0.9563758389261745,0.9284032415026774,0.9614833333333334,352,0.5866666666666667,168,184,0.30666666666666664,165,3,181,3,0.9821428571428571,0.9836956521739131,0.01,0.01,2,60,0.10123589492416166,2,60,0.10123589492416166,18.0,0.03,0.05113636363636364,0.926625,0.9833333333333333,0.926648723605022,0.9832434202253298,0.9493617249517271,1.0,0.9532163742690059,1.0,0.0,0.02666666666666667,0.0,0.027586206896551724,0.0016666666666666668,0.07337499999999977,0.49833333333333335,0.67,0.225,0.3883333333333333
43,deduplication,deduplication__embedding__granite97m__logistic_regression,False,False,True,UNDERPOWERED,"[""deduplication_safety_upper_confidence""]",embedding,granite97m,logistic_regression,COMPLETED_DEVELOPMENT_OOF,,6.691168300007121,0.36795037999982017,0.057092666659931034,600,,,0.05719759172626246,0.015455094180227134,0.018746431215308414,,,,309,,,,,,,,,,,,,0.95,,,,,,,,,300,300,0.9816666666666667,0.9818181818181818,0.9985382515266549,0.9985444444444445,582,0.97,291,291,0.485,287,4,288,3,0.9862542955326461,0.9896907216494846,0.013333333333333334,0.01,2,60,0.10123589492416166,1,60,0.07663999493450448,19.0,0.03166666666666667,0.03264604810996564,0.9649583333333334,0.995,0.9640031158580861,0.9949883311525188,0.9551789255027854,1.0,0.9711165175534977,1.0,0.0,0.043656565656565546,0.0,0.026475490196078404,0.0,0.07833333333333334,0.95,0.9866666666666667,0.39166666666666666,0.5683333333333334
44,deduplication,deduplication__embedding__granite97m__xgboost,False,False,True,UNDERPOWERED,"[""deduplication_safety_upper_confidence""]",embedding,granite97m,xgboost,COMPLETED_DEVELOPMENT_OOF,,72.11492129998805,13.430628860002617,0.08695166669591951,600,,,0.10100737085896878,0.0216231391849908,0.010437842314796972,,,,309,,,,,,,,,,,,,0.95,,,,,,,,,300,300,0.975,0.9752066115702479,0.976644566978054,0.9861777777777778,508,0.8466666666666667,217,291,0.485,212,5,287,4,0.9769585253456221,0.9862542955326461,0.016666666666666666,0.013333333333333334,2,60,0.10123589492416166,1,60,0.07663999493450448,25.0,0.041666666666666664,0.04921259842519685,0.9482916666666668,0.9966666666666667,0.9480374254843836,0.9949883311525188,0.9234595761381476,1.0,0.9620666710371051,1.0,0.0,0.05555555555555555,0.0,0.03692592592592591,0.0,0.1,0.785,0.8983333333333333,0.3933333333333333,0.5667083333333331
45,deduplication,deduplication__embedding__multilingual_minilm_l12__linear_svm,False,False,True,UNDERPOWERED,"[""deduplication_safety_upper_confidence""]",embedding,multilingual_minilm_l12,linear_svm,COMPLETED_DEVELOPMENT_OOF,,7.76708520000102,0.6505403399991337,0.058780833326939806,600,,,0.05755865980409716,0.015140693717864837,0.013524791965451612,,,,303,,,,,,,,,,,,,0.95,,,,,,,,,300,300,0.9816666666666667,0.9813874788494078,0.9986042347871993,0.9985111111111111,582,0.97,285,297,0.495,284,1,292,5,0.9964912280701754,0.9831649831649831,0.0033333333333333335,0.016666666666666666,2,60,0.10123589492416166,1,60,0.07663999493450448,26.0,0.043333333333333335,0.044673539518900345,0.9616666666666667,0.9983333333333333,0.9591578833069343,0.9966657404834677,0.9870665084802875,1.0,0.9538993453355156,1.0,0.0,0.012003030303030286,0.0,0.043076923076923075,0.0,0.11,0.9483333333333334,0.9883333333333333,0.4032916666666667,0.5766666666666667
46,deduplication,deduplication__metadata__none__logistic_regression,False,False,False,FAIL,"[""deduplication_operating_gate"",""deduplication_safety_upper_confidence""]",metadata,,logistic_regression,COMPLETED_DEVELOPMENT_OOF,,5.179344799995306,0.13514171999995597,0.03467816667883502,600,,,0.609110235014842,0.2176742386208831,0.06580626169825046,,,,600,,,,,,,,,,,,,0.95,,,,,,,,,300,300,0.5866666666666667,0.6025641025641025,0.6621544459070925,0.6408499999999999,0,0.0,0,0,0.0,0,0,0,0,,,0.0,0.0,0,60,0.04870291331009749,0,60,0.04870291331009749,0.0,0.0,,0.515,0.6583333333333333,0.5083839304823661,0.654837965600518,,,,,0.0,0.0,0.0,0.0,0.0,0.0,0.0,0.0,0.0,0.0
47,deduplication,deduplication__metadata__none__linear_svm,False,False,False,FAIL,"[""deduplication_operating_gate"",""deduplication_safety_upper_confidence""]",metadata,,linear_svm,COMPLETED_DEVELOPMENT_OOF,,5.104904200008605,0.1394534199993359,0.033470333316169366,600,,,0.6122055280805101,0.21791654483488743,0.05093190074597283,,,,600,,,,,,,,,,,,,0.95,,,,,,,,,300,300,0.6016666666666667,0.6283048211508554,0.665729117764414,0.6448722222222222,0,0.0,0,0,0.0,0,0,0,0,,,0.0,0.0,0,60,0.04870291331009749,0,60,0.04870291331009749,0.0,0.0,,0.535,0.6666666666666666,0.5272458759836747,0.661275458485066,,,,,0.0,0.0,0.0,0.0,0.0,0.0,0.0,0.0,0.0,0.0
48,deduplication,deduplication__metadata__none__decision_tree,False,False,False,FAIL,"[""deduplication_operating_gate"",""deduplication_safety_upper_confidence""]",metadata,,decision_tree,COMPLETED_DEVELOPMENT_OOF,,5.542773399996804,0.20102262000436893,0.03337466664864527,600,,,0.6556122666867067,0.23444724963541613,0.04012314628697831,,,,600,,,,,,,,,,,,,0.95,,,,,,,,,300,300,0.5633333333333334,0.5513698630136986,0.6095473365388473,0.6042055555555556,0,0.0,0,0,0.0,0,0,0,0,,,0.0,0.0,0,60,0.04870291331009749,0,60,0.04870291331009749,0.0,0.0,,0.49166666666666664,0.6316666666666667,0.4909383796591482,0.6329257174498657,,,,,0.0,0.0,0.0,0.0,0.0,0.0,0.0,0.0,0.0,0.0
49,deduplication,deduplication__embedding__granite97m__decision_tree,False,False,False,FAIL,"[""deduplication_operating_gate"",""deduplication_safety_upper_confidence""]",embedding,granite97m,decision_tree,COMPLETED_DEVELOPMENT_OOF,,11.696625899989158,1.35557919999992,0.058722000030684285,600,,,0.30170991195457814,0.08026028617303219,0.014777056941421743,,,,600,,,,,,,,,,,,,0.95,,,,,,,,,300,300,0.9133333333333333,0.9124579124579124,0.9144550524612869,0.9216,0,0.0,0,0,0.0,0,0,0,0,,,0.0,0.0,0,60,0.04870291331009749,0,60,0.04870291331009749,0.0,0.0,,0.8683333333333333,0.9533333333333334,0.8711762577632186,0.9513236954213823,,,,,0.0,0.0,0.0,0.0,0.0,0.0,0.0,0.0,0.0,0.0
50,deduplication,deduplication__embedding__multilingual_minilm_l12__decision_tree,False,False,False,FAIL,"[""deduplication_operating_gate"",""deduplication_safety_upper_confidence""]",embedding,multilingual_minilm_l12,decision_tree,COMPLETED_DEVELOPMENT_OOF,,11.974367300004815,1.4903414799977326,0.056405500023781016,600,,,0.4187689760802766,0.1256671669000261,0.03081895530842228,,,,600,,,,,,,,,,,,,0.95,,,,,,,,,300,300,0.8566666666666667,0.8566666666666667,0.8225718001375473,0.8584722222222223,0,0.0,0,0,0.0,0,0,0,0,,,0.0,0.0,0,60,0.04870291331009749,0,60,0.04870291331009749,0.0,0.0,,0.81,0.9033333333333333,0.8048754816696904,0.8997817469155049,,,,,0.0,0.0,0.0,0.0,0.0,0.0,0.0,0.0,0.0,0.0
51,deduplication,deduplication__embedding__multilingual_e5_small__decision_tree,False,False,False,FAIL,"[""deduplication_operating_gate"",""deduplication_safety_upper_confidence""]",embedding,multilingual_e5_small,decision_tree,COMPLETED_DEVELOPMENT_OOF,,11.975316600000951,1.5155235599988373,0.06306166673311964,600,,,0.45631827599764546,0.14020504281090196,0.04210486094496875,,,,600,,,,,,,,,,,,,0.95,,,,,,,,,300,300,0.835,0.8363636363636363,0.7805061670115445,0.8230055555555555,0,0.0,0,0,0.0,0,0,0,0,,,0.0,0.0,0,60,0.04870291331009749,0,60,0.04870291331009749,0.0,0.0,,0.7816666666666666,0.885,0.7815907076080052,0.879701122985911,,,,,0.0,0.0,0.0,0.0,0.0,0.0,0.0,0.0,0.0,0.0
52,deduplication,deduplication__metadata__none__xgboost,False,False,False,FAIL,"[""deduplication_operating_gate"",""deduplication_safety_upper_confidence""]",metadata,,xgboost,COMPLETED_DEVELOPMENT_OOF,,19.676051599992206,2.9838641000009374,0.05957916665162581,600,,,0.6765751862371504,0.24236680597017976,0.03569169851197002,,,,600,,,,,,,,,,,,,0.95,,,,,,,,,300,300,0.5616666666666666,0.5832012678288431,0.5952439865641292,0.5988944444444445,0,0.0,0,0,0.0,0,0,0,0,,,0.0,0.0,0,60,0.04870291331009749,0,60,0.04870291331009749,0.0,0.0,,0.5066666666666667,0.6166666666666667,0.503913851077402,0.6141404286130393,,,,,0.0,0.0,0.0,0.0,0.0,0.0,0.0,0.0,0.0,0.0
53,deduplication,deduplication__metadata__none__mlp,False,False,False,FAIL,"[""deduplication_operating_gate"",""deduplication_safety_upper_confidence""]",metadata,,mlp,COMPLETED_DEVELOPMENT_OOF,,76.28603859999566,14.284362899998087,0.036675166702480055,600,,,0.6328528124998672,0.2244434028028766,0.07367427398428812,,,,600,,,,,,,,,,,,,0.95,,,,,,,,,300,300,0.58,0.5728813559322034,0.6626528845990929,0.63605,0,0.0,0,0,0.0,0,0,0,0,,,0.0,0.0,0,60,0.04870291331009749,0,60,0.04870291331009749,0.0,0.0,,0.5182916666666667,0.6416666666666667,0.5138075812379539,0.6399843993066358,,,,,0.0,0.0,0.0,0.0,0.0,0.0,0.0,0.0,0.0,0.0
54,deduplication,deduplication__hybrid__granite97m__decision_tree,False,False,False,FAIL,"[""deduplication_operating_gate"",""deduplication_safety_upper_confidence""]",hybrid,granite97m,decision_tree,COMPLETED_DEVELOPMENT_OOF,,66.86482829999295,11.631985520006856,1.492893999966327,600,,,0.17261855600364595,0.04027460443425132,0.018428356996199016,,,,482,,,,,,,,,,,,,0.95,,,,,,,,,300,300,0.9433333333333334,0.9429530201342282,0.9278015816299586,0.9623833333333334,235,0.39166666666666666,117,118,0.19666666666666666,114,3,117,1,0.9743589743589743,0.9915254237288136,0.01,0.0033333333333333335,1,60,0.07663999493450448,2,60,0.10123589492416166,8.0,0.013333333333333334,0.03404255319148936,0.91,0.9733333333333334,0.9084498588564978,0.9728297937482285,0.925531914893617,1.0,0.9696969696969697,1.0,0.0,0.02666666666666667,0.0,0.010719155844155817,0.0,0.035,0.3049583333333334,0.475,0.13166666666666665,0.27
55,deduplication,deduplication__embedding__multilingual_minilm_l12__logistic_regression,False,False,False,FAIL,"[""deduplication_operating_gate"",""deduplication_safety_upper_confidence""]",embedding,multilingual_minilm_l12,logistic_regression,COMPLETED_DEVELOPMENT_OOF,,6.328555799991591,0.37343569999793547,0.06225583335132493,600,,,0.07348317523165625,0.020271872701511064,0.013165270443639677,,,,313,,,,,,,,,,,,,0.95,,,,,,,,,300,300,0.975,0.9747899159663865,0.9971934150609907,0.9969666666666668,575,0.9583333333333334,288,287,0.47833333333333333,287,1,279,8,0.9965277777777778,0.9721254355400697,0.0033333333333333335,0.02666666666666667,2,60,0.10123589492416166,1,60,0.07663999493450448,41.0,0.06833333333333333,0.07130434782608695,0.9533333333333334,0.9933333333333333,0.9515904818683262,0.9916666435184542,0.9872274585903389,1.0,0.9270056327700563,1.0,0.0,0.012003030303030286,0.0,0.06896551724137931,0.0,0.17,0.9266666666666666,0.9833333333333333,0.3883333333333333,0.56
