contrast_id,task,baseline,candidate,metric,better_direction,baseline_value,candidate_value,difference_candidate_minus_baseline,difference_ci_lower,difference_ci_upper,confidence_level,bootstrap_resamples,independent_groups,inference_scope,equivalence_test
tfidf_vs_granite_hybrid_logreg,classification,classification__hybrid__granite97m__logistic_regression,classification__tfidf__none__logistic_regression,semantic_accuracy,higher,0.8307086614173228,0.7992125984251969,-0.03149606299212593,-0.0683675623421717,0.003876726017441863,0.95,2000,105,paired_cluster_bootstrap_development,False
tfidf_vs_granite_hybrid_logreg,classification,classification__hybrid__granite97m__logistic_regression,classification__tfidf__none__logistic_regression,semantic_macro_f1,higher,0.7803932272442751,0.7592163282919336,-0.021176898952341427,-0.06264261085762989,0.019209957853014426,0.95,2000,105,paired_cluster_bootstrap_development,False
tfidf_vs_granite_hybrid_logreg,classification,classification__hybrid__granite97m__logistic_regression,classification__tfidf__none__logistic_regression,automatic_coverage,higher,0.5255905511811023,0.4468503937007874,-0.07874015748031493,-0.1293646575673391,-0.029527559055118113,0.95,2000,105,paired_cluster_bootstrap_development,False
tfidf_vs_granite_hybrid_logreg,classification,classification__hybrid__granite97m__logistic_regression,classification__tfidf__none__logistic_regression,selective_risk,lower,0.08614232209737828,0.12334801762114538,0.037205695523767096,-0.013787334070796457,0.08946297998366012,0.95,2000,105,paired_cluster_bootstrap_development,False
tfidf_vs_granite_hybrid_logreg,classification,classification__hybrid__granite97m__logistic_regression,classification__tfidf__none__logistic_regression,critical_non_obra_as_obra_rate,lower,0.004651162790697674,0.005025125628140704,0.00037396283744302924,-0.01375673510994612,0.01422141091634729,0.95,2000,105,paired_cluster_bootstrap_development,False
granite_embedding_vs_hybrid_logreg,classification,classification__hybrid__granite97m__logistic_regression,classification__embedding__granite97m__logistic_regression,semantic_accuracy,higher,0.8307086614173228,0.765748031496063,-0.06496062992125984,-0.13204525707377893,0.0,0.95,2000,105,paired_cluster_bootstrap_development,False
granite_embedding_vs_hybrid_logreg,classification,classification__hybrid__granite97m__logistic_regression,classification__embedding__granite97m__logistic_regression,semantic_macro_f1,higher,0.7803932272442751,0.6618773126220028,-0.11851591462227229,-0.20004670342600553,-0.03380097094848244,0.95,2000,105,paired_cluster_bootstrap_development,False
granite_embedding_vs_hybrid_logreg,classification,classification__hybrid__granite97m__logistic_regression,classification__embedding__granite97m__logistic_regression,automatic_coverage,higher,0.5255905511811023,0.1889763779527559,-0.3366141732283464,-0.42657450609166814,-0.24645613107822417,0.95,2000,105,paired_cluster_bootstrap_development,False
granite_embedding_vs_hybrid_logreg,classification,classification__hybrid__granite97m__logistic_regression,classification__embedding__granite97m__logistic_regression,selective_risk,lower,0.08614232209737828,0.19791666666666666,0.11177434456928838,-0.00825780826763014,0.2641703070015771,0.95,2000,105,paired_cluster_bootstrap_development,False
granite_embedding_vs_hybrid_logreg,classification,classification__hybrid__granite97m__logistic_regression,classification__embedding__granite97m__logistic_regression,critical_non_obra_as_obra_rate,lower,0.004651162790697674,0.0,-0.004651162790697674,-0.01562704515706806,0.0,0.95,2000,105,paired_cluster_bootstrap_development,False
tfidf_isolated_vs_operational_logreg,deduplication,deduplication__hybrid_metadata__granite97m__logistic_regression,deduplication__tfidf__none__logistic_regression,semantic_accuracy,higher,1.0,1.0,0.0,0.0,0.0,0.95,2000,120,paired_cluster_bootstrap_development,False
tfidf_isolated_vs_operational_logreg,deduplication,deduplication__hybrid_metadata__granite97m__logistic_regression,deduplication__tfidf__none__logistic_regression,weighted_error_fn5_fp1_per_record,lower,0.0,0.0,0.0,0.0,0.0,0.95,2000,120,paired_cluster_bootstrap_development,False
tfidf_isolated_vs_operational_logreg,deduplication,deduplication__hybrid_metadata__granite97m__logistic_regression,deduplication__tfidf__none__logistic_regression,automatic_false_negative_rate,lower,0.0,0.0,0.0,0.0,0.0,0.95,2000,120,paired_cluster_bootstrap_development,False
tfidf_isolated_vs_operational_logreg,deduplication,deduplication__hybrid_metadata__granite97m__logistic_regression,deduplication__tfidf__none__logistic_regression,automatic_false_positive_rate,lower,0.0,0.0,0.0,0.0,0.0,0.95,2000,120,paired_cluster_bootstrap_development,False
tfidf_isolated_vs_operational_logreg,deduplication,deduplication__hybrid_metadata__granite97m__logistic_regression,deduplication__tfidf__none__logistic_regression,decision_coverage,higher,1.0,1.0,0.0,0.0,0.0,0.95,2000,120,paired_cluster_bootstrap_development,False
tfidf_isolated_vs_operational_logreg,deduplication,deduplication__hybrid_metadata__granite97m__logistic_regression,deduplication__tfidf__none__logistic_regression,full_automation_coverage,higher,0.5,0.5,0.0,0.0,0.0,0.95,2000,120,paired_cluster_bootstrap_development,False
granite_embedding_isolated_vs_operational_logreg,deduplication,deduplication__hybrid_metadata__granite97m__logistic_regression,deduplication__embedding__granite97m__logistic_regression,semantic_accuracy,higher,1.0,0.9816666666666667,-0.018333333333333313,-0.03500000000000003,-0.0050000000000000044,0.95,2000,120,paired_cluster_bootstrap_development,False
granite_embedding_isolated_vs_operational_logreg,deduplication,deduplication__hybrid_metadata__granite97m__logistic_regression,deduplication__embedding__granite97m__logistic_regression,weighted_error_fn5_fp1_per_record,lower,0.0,0.03166666666666667,0.03166666666666667,0.0,0.07666666666666666,0.95,2000,120,paired_cluster_bootstrap_development,False
granite_embedding_isolated_vs_operational_logreg,deduplication,deduplication__hybrid_metadata__granite97m__logistic_regression,deduplication__embedding__granite97m__logistic_regression,automatic_false_negative_rate,lower,0.0,0.01,0.01,0.0,0.02759099616858235,0.95,2000,120,paired_cluster_bootstrap_development,False
granite_embedding_isolated_vs_operational_logreg,deduplication,deduplication__hybrid_metadata__granite97m__logistic_regression,deduplication__embedding__granite97m__logistic_regression,automatic_false_positive_rate,lower,0.0,0.013333333333333334,0.013333333333333334,0.0,0.04287662337662327,0.95,2000,120,paired_cluster_bootstrap_development,False
granite_embedding_isolated_vs_operational_logreg,deduplication,deduplication__hybrid_metadata__granite97m__logistic_regression,deduplication__embedding__granite97m__logistic_regression,decision_coverage,higher,1.0,0.97,-0.030000000000000027,-0.050000000000000044,-0.013333333333333308,0.95,2000,120,paired_cluster_bootstrap_development,False
granite_embedding_isolated_vs_operational_logreg,deduplication,deduplication__hybrid_metadata__granite97m__logistic_regression,deduplication__embedding__granite97m__logistic_regression,full_automation_coverage,higher,0.5,0.485,-0.015000000000000013,-0.03500000000000003,0.0016666666666667052,0.95,2000,120,paired_cluster_bootstrap_development,False
granite_hybrid_isolated_vs_operational_logreg,deduplication,deduplication__hybrid_metadata__granite97m__logistic_regression,deduplication__hybrid__granite97m__logistic_regression,semantic_accuracy,higher,1.0,1.0,0.0,0.0,0.0,0.95,2000,120,paired_cluster_bootstrap_development,False
granite_hybrid_isolated_vs_operational_logreg,deduplication,deduplication__hybrid_metadata__granite97m__logistic_regression,deduplication__hybrid__granite97m__logistic_regression,weighted_error_fn5_fp1_per_record,lower,0.0,0.0,0.0,0.0,0.0,0.95,2000,120,paired_cluster_bootstrap_development,False
granite_hybrid_isolated_vs_operational_logreg,deduplication,deduplication__hybrid_metadata__granite97m__logistic_regression,deduplication__hybrid__granite97m__logistic_regression,automatic_false_negative_rate,lower,0.0,0.0,0.0,0.0,0.0,0.95,2000,120,paired_cluster_bootstrap_development,False
granite_hybrid_isolated_vs_operational_logreg,deduplication,deduplication__hybrid_metadata__granite97m__logistic_regression,deduplication__hybrid__granite97m__logistic_regression,automatic_false_positive_rate,lower,0.0,0.0,0.0,0.0,0.0,0.95,2000,120,paired_cluster_bootstrap_development,False
granite_hybrid_isolated_vs_operational_logreg,deduplication,deduplication__hybrid_metadata__granite97m__logistic_regression,deduplication__hybrid__granite97m__logistic_regression,decision_coverage,higher,1.0,1.0,0.0,0.0,0.0,0.95,2000,120,paired_cluster_bootstrap_development,False
granite_hybrid_isolated_vs_operational_logreg,deduplication,deduplication__hybrid_metadata__granite97m__logistic_regression,deduplication__hybrid__granite97m__logistic_regression,full_automation_coverage,higher,0.5,0.5,0.0,0.0,0.0,0.95,2000,120,paired_cluster_bootstrap_development,False
metadata_only_vs_operational_logreg,deduplication,deduplication__hybrid_metadata__granite97m__logistic_regression,deduplication__metadata__none__logistic_regression,semantic_accuracy,higher,1.0,0.5866666666666667,-0.41333333333333333,-0.4867083333333333,-0.33999999999999997,0.95,2000,120,paired_cluster_bootstrap_development,False
metadata_only_vs_operational_logreg,deduplication,deduplication__hybrid_metadata__granite97m__logistic_regression,deduplication__metadata__none__logistic_regression,weighted_error_fn5_fp1_per_record,lower,0.0,0.0,0.0,0.0,0.0,0.95,2000,120,paired_cluster_bootstrap_development,False
metadata_only_vs_operational_logreg,deduplication,deduplication__hybrid_metadata__granite97m__logistic_regression,deduplication__metadata__none__logistic_regression,automatic_false_negative_rate,lower,0.0,0.0,0.0,0.0,0.0,0.95,2000,120,paired_cluster_bootstrap_development,False
metadata_only_vs_operational_logreg,deduplication,deduplication__hybrid_metadata__granite97m__logistic_regression,deduplication__metadata__none__logistic_regression,automatic_false_positive_rate,lower,0.0,0.0,0.0,0.0,0.0,0.95,2000,120,paired_cluster_bootstrap_development,False
metadata_only_vs_operational_logreg,deduplication,deduplication__hybrid_metadata__granite97m__logistic_regression,deduplication__metadata__none__logistic_regression,decision_coverage,higher,1.0,0.0,-1.0,-1.0,-1.0,0.95,2000,120,paired_cluster_bootstrap_development,False
metadata_only_vs_operational_logreg,deduplication,deduplication__hybrid_metadata__granite97m__logistic_regression,deduplication__metadata__none__logistic_regression,full_automation_coverage,higher,0.5,0.0,-0.5,-0.5916666666666667,-0.4164583333333345,0.95,2000,120,paired_cluster_bootstrap_development,False
