combination_id,task,representation,embedding,classifier,fold,outer_train_records,outer_test_records,outer_train_groups,outer_test_groups,group_overlap,fit_seconds,calibration_seconds,downstream_predict_seconds,downstream_predict_ms_per_record,prediction_measurement_scope,best_params,best_inner_score,calibration_policy,calibration_split,calibration_folds,convergence_warnings
classification__tfidf__none__logistic_regression,classification,tfidf,,logistic_regression,0,406,102,84,21,0,4.065416699995694,0.3774191999982577,0.05511649999971269,0.5403578431344381,classifier_pipeline_including_tfidf_transform,"{""model__C"":10.0}",0.6383778233412102,"{""automatic_maintenance_as_obra"":0,""automatic_non_obra_as_obra"":0,""coverage"":0.5212121212121212,""covered"":86,""eligible"":true,""errors"":4,""obra_threshold"":0.9,""risk"":0.046511627906976744,""threshold"":0.67}","{""balance_score"":0.013121361397223433,""calibration_group_counts_by_label"":{""0"":9,""1"":11,""2"":10,""3"":4},""calibration_groups"":34,""calibration_label_counts"":{""0"":41,""1"":55,""2"":50,""3"":19},""calibration_records"":165,""fit_group_counts_by_label"":{""0"":12,""1"":16,""2"":15,""3"":7},""fit_groups"":50,""fit_label_counts"":{""0"":60,""1"":79,""2"":73,""3"":29},""fit_records"":241,""group_overlap"":0}","[{""fit_group_counts_by_label"":{""0"":5,""1"":5,""2"":5,""3"":2},""fit_groups"":17,""fit_records"":80,""fold"":0,""group_overlap"":0,""validation_group_counts_by_label"":{""0"":4,""1"":6,""2"":5,""3"":2},""validation_groups"":17,""validation_records"":85},{""fit_group_counts_by_label"":{""0"":4,""1"":6,""2"":5,""3"":2},""fit_groups"":17,""fit_records"":85,""fold"":1,""group_overlap"":0,""validation_group_counts_by_label"":{""0"":5,""1"":5,""2"":5,""3"":2},""validation_groups"":17,""validation_records"":80}]",0
classification__tfidf__none__logistic_regression,classification,tfidf,,logistic_regression,1,415,93,84,21,0,3.506904300003953,0.3341380999991088,0.051008900001761504,0.5484827957178656,classifier_pipeline_including_tfidf_transform,"{""model__C"":0.1}",0.5981041194201763,"{""automatic_maintenance_as_obra"":0,""automatic_non_obra_as_obra"":0,""coverage"":0.509090909090909,""covered"":84,""eligible"":true,""errors"":8,""obra_threshold"":0.9,""risk"":0.09523809523809523,""threshold"":0.6}","{""balance_score"":0.030156991602774727,""calibration_group_counts_by_label"":{""0"":10,""1"":10,""2"":10,""3"":4},""calibration_groups"":34,""calibration_label_counts"":{""0"":47,""1"":49,""2"":50,""3"":19},""calibration_records"":165,""fit_group_counts_by_label"":{""0"":14,""1"":16,""2"":15,""3"":5},""fit_groups"":50,""fit_label_counts"":{""0"":70,""1"":80,""2"":75,""3"":25},""fit_records"":250,""group_overlap"":0}","[{""fit_group_counts_by_label"":{""0"":3,""1"":5,""2"":7,""3"":2},""fit_groups"":17,""fit_records"":84,""fold"":0,""group_overlap"":0,""validation_group_counts_by_label"":{""0"":7,""1"":5,""2"":3,""3"":2},""validation_groups"":17,""validation_records"":81},{""fit_group_counts_by_label"":{""0"":7,""1"":5,""2"":3,""3"":2},""fit_groups"":17,""fit_records"":81,""fold"":1,""group_overlap"":0,""validation_group_counts_by_label"":{""0"":3,""1"":5,""2"":7,""3"":2},""validation_groups"":17,""validation_records"":84}]",0
classification__tfidf__none__logistic_regression,classification,tfidf,,logistic_regression,2,405,103,84,21,0,3.3854764999996405,0.4905374000009033,0.05511720000504283,0.5351184466509012,classifier_pipeline_including_tfidf_transform,"{""model__C"":0.1}",0.5985251236857426,"{""eligible"":false,""obra_threshold"":0.9,""threshold"":null}","{""balance_score"":0.02760141093474426,""calibration_group_counts_by_label"":{""0"":8,""1"":11,""2"":11,""3"":4},""calibration_groups"":34,""calibration_label_counts"":{""0"":40,""1"":55,""2"":55,""3"":18},""calibration_records"":168,""fit_group_counts_by_label"":{""0"":13,""1"":15,""2"":16,""3"":6},""fit_groups"":50,""fit_label_counts"":{""0"":58,""1"":75,""2"":78,""3"":26},""fit_records"":237,""group_overlap"":0}","[{""fit_group_counts_by_label"":{""0"":4,""1"":4,""2"":7,""3"":2},""fit_groups"":17,""fit_records"":85,""fold"":0,""group_overlap"":0,""validation_group_counts_by_label"":{""0"":4,""1"":7,""2"":4,""3"":2},""validation_groups"":17,""validation_records"":83},{""fit_group_counts_by_label"":{""0"":4,""1"":7,""2"":4,""3"":2},""fit_groups"":17,""fit_records"":83,""fold"":1,""group_overlap"":0,""validation_group_counts_by_label"":{""0"":4,""1"":4,""2"":7,""3"":2},""validation_groups"":17,""validation_records"":85}]",0
classification__tfidf__none__logistic_regression,classification,tfidf,,logistic_regression,3,403,105,84,21,0,3.297490899996774,0.43109869999898365,0.05481599999620812,0.5220571428210297,classifier_pipeline_including_tfidf_transform,"{""model__C"":0.1}",0.5125198189205138,"{""automatic_maintenance_as_obra"":0,""automatic_non_obra_as_obra"":0,""coverage"":0.5,""covered"":81,""eligible"":true,""errors"":4,""obra_threshold"":0.9,""risk"":0.04938271604938271,""threshold"":0.64}","{""balance_score"":0.02989308580706429,""calibration_group_counts_by_label"":{""0"":10,""1"":9,""2"":10,""3"":5},""calibration_groups"":34,""calibration_label_counts"":{""0"":47,""1"":44,""2"":48,""3"":23},""calibration_records"":162,""fit_group_counts_by_label"":{""0"":15,""1"":14,""2"":14,""3"":7},""fit_groups"":50,""fit_label_counts"":{""0"":71,""1"":70,""2"":70,""3"":30},""fit_records"":241,""group_overlap"":0}","[{""fit_group_counts_by_label"":{""0"":4,""1"":4,""2"":6,""3"":3},""fit_groups"":17,""fit_records"":83,""fold"":0,""group_overlap"":0,""validation_group_counts_by_label"":{""0"":6,""1"":5,""2"":4,""3"":2},""validation_groups"":17,""validation_records"":79},{""fit_group_counts_by_label"":{""0"":6,""1"":5,""2"":4,""3"":2},""fit_groups"":17,""fit_records"":79,""fold"":1,""group_overlap"":0,""validation_group_counts_by_label"":{""0"":4,""1"":4,""2"":6,""3"":3},""validation_groups"":17,""validation_records"":83}]",0
classification__tfidf__none__logistic_regression,classification,tfidf,,logistic_regression,4,403,105,84,21,0,3.039963199997146,0.3518824000057066,0.05832119999831775,0.5554399999839786,classifier_pipeline_including_tfidf_transform,"{""model__C"":0.1}",0.6358239327114746,"{""automatic_maintenance_as_obra"":0,""automatic_non_obra_as_obra"":0,""coverage"":0.5269461077844312,""covered"":88,""eligible"":true,""errors"":6,""obra_threshold"":0.9,""risk"":0.06818181818181818,""threshold"":0.64}","{""balance_score"":0.023069493766808807,""calibration_group_counts_by_label"":{""0"":8,""1"":11,""2"":11,""3"":4},""calibration_groups"":34,""calibration_label_counts"":{""0"":40,""1"":54,""2"":55,""3"":18},""calibration_records"":167,""fit_group_counts_by_label"":{""0"":13,""1"":15,""2"":16,""3"":6},""fit_groups"":50,""fit_label_counts"":{""0"":58,""1"":75,""2"":78,""3"":25},""fit_records"":236,""group_overlap"":0}","[{""fit_group_counts_by_label"":{""0"":4,""1"":6,""2"":5,""3"":2},""fit_groups"":17,""fit_records"":84,""fold"":0,""group_overlap"":0,""validation_group_counts_by_label"":{""0"":4,""1"":5,""2"":6,""3"":2},""validation_groups"":17,""validation_records"":83},{""fit_group_counts_by_label"":{""0"":4,""1"":5,""2"":6,""3"":2},""fit_groups"":17,""fit_records"":83,""fold"":1,""group_overlap"":0,""validation_group_counts_by_label"":{""0"":4,""1"":6,""2"":5,""3"":2},""validation_groups"":17,""validation_records"":84}]",0
deduplication__tfidf__none__logistic_regression,deduplication,tfidf,,logistic_regression,0,480,120,96,24,0,7.473096300003817,0.832274000000325,0.13611190000665374,1.1342658333887812,classifier_pipeline_including_tfidf_transform,"{""model__C"":0.1}",0.0,"{""curve_points"":2450,""eligible"":true,""negative_threshold"":0.06,""positive_threshold"":0.94,""selected"":{""abstained"":0,""automated_false_negative_rate"":0.0,""automated_false_positive_rate"":0.0,""automation_duplicate_recall"":1.0,""automation_nonduplicate_recall"":1.0,""coverage"":1.0,""covered"":195,""covered_error_rate"":0.0,""false_negative_cost"":5.0,""false_positive_cost"":1.0,""fn"":0,""fp"":0,""negative_predictive_value"":1.0,""negative_threshold"":0.06,""negatives"":95,""positive_threshold"":0.94,""positives"":100,""precision"":1.0,""threshold"":0.94,""tn"":95,""tp"":100,""weighted_covered_error"":0.0}}","{""balance_score"":0.011057692307692268,""calibration_group_counts_by_label"":{""0"":19,""1"":20},""calibration_groups"":39,""calibration_label_counts"":{""0"":95,""1"":100},""calibration_records"":195,""fit_group_counts_by_label"":{""0"":28,""1"":29},""fit_groups"":57,""fit_label_counts"":{""0"":140,""1"":145},""fit_records"":285,""group_overlap"":0}","[{""fit_group_counts_by_label"":{""0"":11,""1"":8},""fit_groups"":19,""fit_records"":95,""fold"":0,""group_overlap"":0,""validation_group_counts_by_label"":{""0"":8,""1"":12},""validation_groups"":20,""validation_records"":100},{""fit_group_counts_by_label"":{""0"":8,""1"":12},""fit_groups"":20,""fit_records"":100,""fold"":1,""group_overlap"":0,""validation_group_counts_by_label"":{""0"":11,""1"":8},""validation_groups"":19,""validation_records"":95}]",0
deduplication__tfidf__none__logistic_regression,deduplication,tfidf,,logistic_regression,1,480,120,96,24,0,6.764741999999387,0.7153467999960412,0.13683840000157943,1.140320000013162,classifier_pipeline_including_tfidf_transform,"{""model__C"":0.1}",0.0,"{""curve_points"":2450,""eligible"":true,""negative_threshold"":0.07,""positive_threshold"":0.93,""selected"":{""abstained"":0,""automated_false_negative_rate"":0.0,""automated_false_positive_rate"":0.0,""automation_duplicate_recall"":1.0,""automation_nonduplicate_recall"":1.0,""coverage"":1.0,""covered"":195,""covered_error_rate"":0.0,""false_negative_cost"":5.0,""false_positive_cost"":1.0,""fn"":0,""fp"":0,""negative_predictive_value"":1.0,""negative_threshold"":0.07,""negatives"":95,""positive_threshold"":0.93,""positives"":100,""precision"":1.0,""threshold"":0.93,""tn"":95,""tp"":100,""weighted_covered_error"":0.0}}","{""balance_score"":0.011057692307692268,""calibration_group_counts_by_label"":{""0"":19,""1"":20},""calibration_groups"":39,""calibration_label_counts"":{""0"":95,""1"":100},""calibration_records"":195,""fit_group_counts_by_label"":{""0"":28,""1"":29},""fit_groups"":57,""fit_label_counts"":{""0"":140,""1"":145},""fit_records"":285,""group_overlap"":0}","[{""fit_group_counts_by_label"":{""0"":11,""1"":8},""fit_groups"":19,""fit_records"":95,""fold"":0,""group_overlap"":0,""validation_group_counts_by_label"":{""0"":8,""1"":12},""validation_groups"":20,""validation_records"":100},{""fit_group_counts_by_label"":{""0"":8,""1"":12},""fit_groups"":20,""fit_records"":100,""fold"":1,""group_overlap"":0,""validation_group_counts_by_label"":{""0"":11,""1"":8},""validation_groups"":19,""validation_records"":95}]",0
deduplication__tfidf__none__logistic_regression,deduplication,tfidf,,logistic_regression,2,480,120,96,24,0,6.890814900005353,0.8421632000026875,0.18639890000486048,1.5533241667071707,classifier_pipeline_including_tfidf_transform,"{""model__C"":0.1}",0.0,"{""curve_points"":2450,""eligible"":true,""negative_threshold"":0.13,""positive_threshold"":0.94,""selected"":{""abstained"":0,""automated_false_negative_rate"":0.0,""automated_false_positive_rate"":0.0,""automation_duplicate_recall"":1.0,""automation_nonduplicate_recall"":1.0,""coverage"":1.0,""covered"":195,""covered_error_rate"":0.0,""false_negative_cost"":5.0,""false_positive_cost"":1.0,""fn"":0,""fp"":0,""negative_predictive_value"":1.0,""negative_threshold"":0.13,""negatives"":95,""positive_threshold"":0.94,""positives"":100,""precision"":1.0,""threshold"":0.94,""tn"":95,""tp"":100,""weighted_covered_error"":0.0}}","{""balance_score"":0.011057692307692268,""calibration_group_counts_by_label"":{""0"":19,""1"":20},""calibration_groups"":39,""calibration_label_counts"":{""0"":95,""1"":100},""calibration_records"":195,""fit_group_counts_by_label"":{""0"":28,""1"":29},""fit_groups"":57,""fit_label_counts"":{""0"":140,""1"":145},""fit_records"":285,""group_overlap"":0}","[{""fit_group_counts_by_label"":{""0"":8,""1"":11},""fit_groups"":19,""fit_records"":95,""fold"":0,""group_overlap"":0,""validation_group_counts_by_label"":{""0"":11,""1"":9},""validation_groups"":20,""validation_records"":100},{""fit_group_counts_by_label"":{""0"":11,""1"":9},""fit_groups"":20,""fit_records"":100,""fold"":1,""group_overlap"":0,""validation_group_counts_by_label"":{""0"":8,""1"":11},""validation_groups"":19,""validation_records"":95}]",0
deduplication__tfidf__none__logistic_regression,deduplication,tfidf,,logistic_regression,3,480,120,96,24,0,7.379321400003391,0.6883737000025576,0.1270370999991428,1.0586424999928568,classifier_pipeline_including_tfidf_transform,"{""model__C"":0.1}",0.0,"{""curve_points"":2450,""eligible"":true,""negative_threshold"":0.19,""positive_threshold"":0.89,""selected"":{""abstained"":0,""automated_false_negative_rate"":0.0,""automated_false_positive_rate"":0.0,""automation_duplicate_recall"":1.0,""automation_nonduplicate_recall"":1.0,""coverage"":1.0,""covered"":195,""covered_error_rate"":0.0,""false_negative_cost"":5.0,""false_positive_cost"":1.0,""fn"":0,""fp"":0,""negative_predictive_value"":1.0,""negative_threshold"":0.19,""negatives"":100,""positive_threshold"":0.89,""positives"":95,""precision"":1.0,""threshold"":0.89,""tn"":100,""tp"":95,""weighted_covered_error"":0.0}}","{""balance_score"":0.022275641025641058,""calibration_group_counts_by_label"":{""0"":20,""1"":19},""calibration_groups"":39,""calibration_label_counts"":{""0"":100,""1"":95},""calibration_records"":195,""fit_group_counts_by_label"":{""0"":30,""1"":27},""fit_groups"":57,""fit_label_counts"":{""0"":150,""1"":135},""fit_records"":285,""group_overlap"":0}","[{""fit_group_counts_by_label"":{""0"":12,""1"":7},""fit_groups"":19,""fit_records"":95,""fold"":0,""group_overlap"":0,""validation_group_counts_by_label"":{""0"":8,""1"":12},""validation_groups"":20,""validation_records"":100},{""fit_group_counts_by_label"":{""0"":8,""1"":12},""fit_groups"":20,""fit_records"":100,""fold"":1,""group_overlap"":0,""validation_group_counts_by_label"":{""0"":12,""1"":7},""validation_groups"":19,""validation_records"":95}]",0
deduplication__tfidf__none__logistic_regression,deduplication,tfidf,,logistic_regression,4,480,120,96,24,0,6.907753300001787,0.7007150999997975,0.14156479999655858,1.179706666637988,classifier_pipeline_including_tfidf_transform,"{""model__C"":0.1}",-0.2280701754385965,"{""curve_points"":2450,""eligible"":true,""negative_threshold"":0.06,""positive_threshold"":0.93,""selected"":{""abstained"":0,""automated_false_negative_rate"":0.0,""automated_false_positive_rate"":0.0,""automation_duplicate_recall"":1.0,""automation_nonduplicate_recall"":1.0,""coverage"":1.0,""covered"":195,""covered_error_rate"":0.0,""false_negative_cost"":5.0,""false_positive_cost"":1.0,""fn"":0,""fp"":0,""negative_predictive_value"":1.0,""negative_threshold"":0.06,""negatives"":100,""positive_threshold"":0.93,""positives"":95,""precision"":1.0,""threshold"":0.93,""tn"":100,""tp"":95,""weighted_covered_error"":0.0}}","{""balance_score"":0.011057692307692268,""calibration_group_counts_by_label"":{""0"":20,""1"":19},""calibration_groups"":39,""calibration_label_counts"":{""0"":100,""1"":95},""calibration_records"":195,""fit_group_counts_by_label"":{""0"":29,""1"":28},""fit_groups"":57,""fit_label_counts"":{""0"":145,""1"":140},""fit_records"":285,""group_overlap"":0}","[{""fit_group_counts_by_label"":{""0"":9,""1"":10},""fit_groups"":19,""fit_records"":95,""fold"":0,""group_overlap"":0,""validation_group_counts_by_label"":{""0"":11,""1"":9},""validation_groups"":20,""validation_records"":100},{""fit_group_counts_by_label"":{""0"":11,""1"":9},""fit_groups"":20,""fit_records"":100,""fold"":1,""group_overlap"":0,""validation_group_counts_by_label"":{""0"":9,""1"":10},""validation_groups"":19,""validation_records"":95}]",0
classification__embedding__granite97m__logistic_regression,classification,embedding,granite97m,logistic_regression,0,406,102,84,21,0,0.4959231999964686,0.10141970000404399,0.004152000001340639,0.040705882366084696,classifier_pipeline_with_precomputed_embedding,"{""model__C"":10.0}",0.6430464186268334,"{""automatic_maintenance_as_obra"":0,""automatic_non_obra_as_obra"":0,""coverage"":0.503030303030303,""covered"":83,""eligible"":true,""errors"":7,""obra_threshold"":0.9,""risk"":0.08433734939759036,""threshold"":0.7}","{""balance_score"":0.013121361397223433,""calibration_group_counts_by_label"":{""0"":9,""1"":11,""2"":10,""3"":4},""calibration_groups"":34,""calibration_label_counts"":{""0"":41,""1"":55,""2"":50,""3"":19},""calibration_records"":165,""fit_group_counts_by_label"":{""0"":12,""1"":16,""2"":15,""3"":7},""fit_groups"":50,""fit_label_counts"":{""0"":60,""1"":79,""2"":73,""3"":29},""fit_records"":241,""group_overlap"":0}","[{""fit_group_counts_by_label"":{""0"":5,""1"":5,""2"":5,""3"":2},""fit_groups"":17,""fit_records"":80,""fold"":0,""group_overlap"":0,""validation_group_counts_by_label"":{""0"":4,""1"":6,""2"":5,""3"":2},""validation_groups"":17,""validation_records"":85},{""fit_group_counts_by_label"":{""0"":4,""1"":6,""2"":5,""3"":2},""fit_groups"":17,""fit_records"":85,""fold"":1,""group_overlap"":0,""validation_group_counts_by_label"":{""0"":5,""1"":5,""2"":5,""3"":2},""validation_groups"":17,""validation_records"":80}]",0
classification__embedding__granite97m__logistic_regression,classification,embedding,granite97m,logistic_regression,1,415,93,84,21,0,0.4708325000028708,0.06609110000135843,0.0034117999966838397,0.03668602146971871,classifier_pipeline_with_precomputed_embedding,"{""model__C"":10.0}",0.5482944102616367,"{""eligible"":false,""obra_threshold"":0.9,""threshold"":null}","{""balance_score"":0.030156991602774727,""calibration_group_counts_by_label"":{""0"":10,""1"":10,""2"":10,""3"":4},""calibration_groups"":34,""calibration_label_counts"":{""0"":47,""1"":49,""2"":50,""3"":19},""calibration_records"":165,""fit_group_counts_by_label"":{""0"":14,""1"":16,""2"":15,""3"":5},""fit_groups"":50,""fit_label_counts"":{""0"":70,""1"":80,""2"":75,""3"":25},""fit_records"":250,""group_overlap"":0}","[{""fit_group_counts_by_label"":{""0"":3,""1"":5,""2"":7,""3"":2},""fit_groups"":17,""fit_records"":84,""fold"":0,""group_overlap"":0,""validation_group_counts_by_label"":{""0"":7,""1"":5,""2"":3,""3"":2},""validation_groups"":17,""validation_records"":81},{""fit_group_counts_by_label"":{""0"":7,""1"":5,""2"":3,""3"":2},""fit_groups"":17,""fit_records"":81,""fold"":1,""group_overlap"":0,""validation_group_counts_by_label"":{""0"":3,""1"":5,""2"":7,""3"":2},""validation_groups"":17,""validation_records"":84}]",0
classification__embedding__granite97m__logistic_regression,classification,embedding,granite97m,logistic_regression,2,405,103,84,21,0,0.5272972999955527,0.14068399999814574,0.004335799996624701,0.042095145598298064,classifier_pipeline_with_precomputed_embedding,"{""model__C"":0.1}",0.6138609793433948,"{""eligible"":false,""obra_threshold"":0.9,""threshold"":null}","{""balance_score"":0.02760141093474426,""calibration_group_counts_by_label"":{""0"":8,""1"":11,""2"":11,""3"":4},""calibration_groups"":34,""calibration_label_counts"":{""0"":40,""1"":55,""2"":55,""3"":18},""calibration_records"":168,""fit_group_counts_by_label"":{""0"":13,""1"":15,""2"":16,""3"":6},""fit_groups"":50,""fit_label_counts"":{""0"":58,""1"":75,""2"":78,""3"":26},""fit_records"":237,""group_overlap"":0}","[{""fit_group_counts_by_label"":{""0"":4,""1"":4,""2"":7,""3"":2},""fit_groups"":17,""fit_records"":85,""fold"":0,""group_overlap"":0,""validation_group_counts_by_label"":{""0"":4,""1"":7,""2"":4,""3"":2},""validation_groups"":17,""validation_records"":83},{""fit_group_counts_by_label"":{""0"":4,""1"":7,""2"":4,""3"":2},""fit_groups"":17,""fit_records"":83,""fold"":1,""group_overlap"":0,""validation_group_counts_by_label"":{""0"":4,""1"":4,""2"":7,""3"":2},""validation_groups"":17,""validation_records"":85}]",0
classification__embedding__granite97m__logistic_regression,classification,embedding,granite97m,logistic_regression,3,403,105,84,21,0,0.4685840999954962,0.07037870000203839,0.0037386999974842183,0.03560666664270684,classifier_pipeline_with_precomputed_embedding,"{""model__C"":10.0}",0.6240868096156886,"{""eligible"":false,""obra_threshold"":0.9,""threshold"":null}","{""balance_score"":0.02989308580706429,""calibration_group_counts_by_label"":{""0"":10,""1"":9,""2"":10,""3"":5},""calibration_groups"":34,""calibration_label_counts"":{""0"":47,""1"":44,""2"":48,""3"":23},""calibration_records"":162,""fit_group_counts_by_label"":{""0"":15,""1"":14,""2"":14,""3"":7},""fit_groups"":50,""fit_label_counts"":{""0"":71,""1"":70,""2"":70,""3"":30},""fit_records"":241,""group_overlap"":0}","[{""fit_group_counts_by_label"":{""0"":4,""1"":4,""2"":6,""3"":3},""fit_groups"":17,""fit_records"":83,""fold"":0,""group_overlap"":0,""validation_group_counts_by_label"":{""0"":6,""1"":5,""2"":4,""3"":2},""validation_groups"":17,""validation_records"":79},{""fit_group_counts_by_label"":{""0"":6,""1"":5,""2"":4,""3"":2},""fit_groups"":17,""fit_records"":79,""fold"":1,""group_overlap"":0,""validation_group_counts_by_label"":{""0"":4,""1"":4,""2"":6,""3"":3},""validation_groups"":17,""validation_records"":83}]",0
classification__embedding__granite97m__logistic_regression,classification,embedding,granite97m,logistic_regression,4,403,105,84,21,0,0.46214529999997467,0.07610879999992903,0.0035626000026240945,0.03392952383451518,classifier_pipeline_with_precomputed_embedding,"{""model__C"":10.0}",0.6511622653982624,"{""automatic_maintenance_as_obra"":0,""automatic_non_obra_as_obra"":0,""coverage"":0.5029940119760479,""covered"":84,""eligible"":true,""errors"":7,""obra_threshold"":0.9,""risk"":0.08333333333333333,""threshold"":0.67}","{""balance_score"":0.023069493766808807,""calibration_group_counts_by_label"":{""0"":8,""1"":11,""2"":11,""3"":4},""calibration_groups"":34,""calibration_label_counts"":{""0"":40,""1"":54,""2"":55,""3"":18},""calibration_records"":167,""fit_group_counts_by_label"":{""0"":13,""1"":15,""2"":16,""3"":6},""fit_groups"":50,""fit_label_counts"":{""0"":58,""1"":75,""2"":78,""3"":25},""fit_records"":236,""group_overlap"":0}","[{""fit_group_counts_by_label"":{""0"":4,""1"":6,""2"":5,""3"":2},""fit_groups"":17,""fit_records"":84,""fold"":0,""group_overlap"":0,""validation_group_counts_by_label"":{""0"":4,""1"":5,""2"":6,""3"":2},""validation_groups"":17,""validation_records"":83},{""fit_group_counts_by_label"":{""0"":4,""1"":5,""2"":6,""3"":2},""fit_groups"":17,""fit_records"":83,""fold"":1,""group_overlap"":0,""validation_group_counts_by_label"":{""0"":4,""1"":6,""2"":5,""3"":2},""validation_groups"":17,""validation_records"":84}]",0
deduplication__embedding__granite97m__logistic_regression,deduplication,embedding,granite97m,logistic_regression,0,480,120,96,24,0,0.30534509999415604,0.06122809999942547,0.006188200000906363,0.05156833334088636,classifier_pipeline_with_precomputed_embedding,"{""model__C"":10.0}",-0.15087719298245614,"{""curve_points"":2450,""eligible"":true,""negative_threshold"":0.33,""positive_threshold"":0.6,""selected"":{""abstained"":0,""automated_false_negative_rate"":0.0,""automated_false_positive_rate"":0.0,""automation_duplicate_recall"":1.0,""automation_nonduplicate_recall"":1.0,""coverage"":1.0,""covered"":195,""covered_error_rate"":0.0,""false_negative_cost"":5.0,""false_positive_cost"":1.0,""fn"":0,""fp"":0,""negative_predictive_value"":1.0,""negative_threshold"":0.33,""negatives"":95,""positive_threshold"":0.6,""positives"":100,""precision"":1.0,""threshold"":0.6,""tn"":95,""tp"":100,""weighted_covered_error"":0.0}}","{""balance_score"":0.011057692307692268,""calibration_group_counts_by_label"":{""0"":19,""1"":20},""calibration_groups"":39,""calibration_label_counts"":{""0"":95,""1"":100},""calibration_records"":195,""fit_group_counts_by_label"":{""0"":28,""1"":29},""fit_groups"":57,""fit_label_counts"":{""0"":140,""1"":145},""fit_records"":285,""group_overlap"":0}","[{""fit_group_counts_by_label"":{""0"":11,""1"":8},""fit_groups"":19,""fit_records"":95,""fold"":0,""group_overlap"":0,""validation_group_counts_by_label"":{""0"":8,""1"":12},""validation_groups"":20,""validation_records"":100},{""fit_group_counts_by_label"":{""0"":8,""1"":12},""fit_groups"":20,""fit_records"":100,""fold"":1,""group_overlap"":0,""validation_group_counts_by_label"":{""0"":11,""1"":8},""validation_groups"":19,""validation_records"":95}]",0
deduplication__embedding__granite97m__logistic_regression,deduplication,embedding,granite97m,logistic_regression,1,480,120,96,24,0,0.3111315000060131,0.05924540000705747,0.006362699998135213,0.053022499984460104,classifier_pipeline_with_precomputed_embedding,"{""model__C"":10.0}",-0.21403508771929824,"{""curve_points"":2450,""eligible"":true,""negative_threshold"":0.49,""positive_threshold"":0.73,""selected"":{""abstained"":3,""automated_false_negative_rate"":0.0,""automated_false_positive_rate"":0.0,""automation_duplicate_recall"":0.99,""automation_nonduplicate_recall"":0.9789473684210527,""coverage"":0.9846153846153847,""covered"":192,""covered_error_rate"":0.0,""false_negative_cost"":5.0,""false_positive_cost"":1.0,""fn"":0,""fp"":0,""negative_predictive_value"":1.0,""negative_threshold"":0.49,""negatives"":95,""positive_threshold"":0.73,""positives"":100,""precision"":1.0,""threshold"":0.73,""tn"":93,""tp"":99,""weighted_covered_error"":0.0}}","{""balance_score"":0.011057692307692268,""calibration_group_counts_by_label"":{""0"":19,""1"":20},""calibration_groups"":39,""calibration_label_counts"":{""0"":95,""1"":100},""calibration_records"":195,""fit_group_counts_by_label"":{""0"":28,""1"":29},""fit_groups"":57,""fit_label_counts"":{""0"":140,""1"":145},""fit_records"":285,""group_overlap"":0}","[{""fit_group_counts_by_label"":{""0"":11,""1"":8},""fit_groups"":19,""fit_records"":95,""fold"":0,""group_overlap"":0,""validation_group_counts_by_label"":{""0"":8,""1"":12},""validation_groups"":20,""validation_records"":100},{""fit_group_counts_by_label"":{""0"":8,""1"":12},""fit_groups"":20,""fit_records"":100,""fold"":1,""group_overlap"":0,""validation_group_counts_by_label"":{""0"":11,""1"":8},""validation_groups"":19,""validation_records"":95}]",0
deduplication__embedding__granite97m__logistic_regression,deduplication,embedding,granite97m,logistic_regression,2,480,120,96,24,0,0.30217769999580923,0.058690199999546167,0.006448799998906907,0.05373999999089089,classifier_pipeline_with_precomputed_embedding,"{""model__C"":10.0}",-0.05964912280701754,"{""curve_points"":2450,""eligible"":true,""negative_threshold"":0.19,""positive_threshold"":0.87,""selected"":{""abstained"":37,""automated_false_negative_rate"":0.0,""automated_false_positive_rate"":0.0,""automation_duplicate_recall"":0.78,""automation_nonduplicate_recall"":0.8421052631578947,""coverage"":0.8102564102564103,""covered"":158,""covered_error_rate"":0.0,""false_negative_cost"":5.0,""false_positive_cost"":1.0,""fn"":0,""fp"":0,""negative_predictive_value"":1.0,""negative_threshold"":0.19,""negatives"":95,""positive_threshold"":0.87,""positives"":100,""precision"":1.0,""threshold"":0.87,""tn"":80,""tp"":78,""weighted_covered_error"":0.0}}","{""balance_score"":0.011057692307692268,""calibration_group_counts_by_label"":{""0"":19,""1"":20},""calibration_groups"":39,""calibration_label_counts"":{""0"":95,""1"":100},""calibration_records"":195,""fit_group_counts_by_label"":{""0"":28,""1"":29},""fit_groups"":57,""fit_label_counts"":{""0"":140,""1"":145},""fit_records"":285,""group_overlap"":0}","[{""fit_group_counts_by_label"":{""0"":8,""1"":11},""fit_groups"":19,""fit_records"":95,""fold"":0,""group_overlap"":0,""validation_group_counts_by_label"":{""0"":11,""1"":9},""validation_groups"":20,""validation_records"":100},{""fit_group_counts_by_label"":{""0"":11,""1"":9},""fit_groups"":20,""fit_records"":100,""fold"":1,""group_overlap"":0,""validation_group_counts_by_label"":{""0"":8,""1"":11},""validation_groups"":19,""validation_records"":95}]",0
deduplication__embedding__granite97m__logistic_regression,deduplication,embedding,granite97m,logistic_regression,3,480,120,96,24,0,0.29852889999892795,0.07867650000116555,0.0070514000035473146,0.05876166669622762,classifier_pipeline_with_precomputed_embedding,"{""model__C"":10.0}",-0.24912280701754386,"{""curve_points"":2450,""eligible"":true,""negative_threshold"":0.27,""positive_threshold"":0.66,""selected"":{""abstained"":8,""automated_false_negative_rate"":0.0,""automated_false_positive_rate"":0.0,""automation_duplicate_recall"":0.9578947368421052,""automation_nonduplicate_recall"":0.96,""coverage"":0.958974358974359,""covered"":187,""covered_error_rate"":0.0,""false_negative_cost"":5.0,""false_positive_cost"":1.0,""fn"":0,""fp"":0,""negative_predictive_value"":1.0,""negative_threshold"":0.27,""negatives"":100,""positive_threshold"":0.66,""positives"":95,""precision"":1.0,""threshold"":0.66,""tn"":96,""tp"":91,""weighted_covered_error"":0.0}}","{""balance_score"":0.022275641025641058,""calibration_group_counts_by_label"":{""0"":20,""1"":19},""calibration_groups"":39,""calibration_label_counts"":{""0"":100,""1"":95},""calibration_records"":195,""fit_group_counts_by_label"":{""0"":30,""1"":27},""fit_groups"":57,""fit_label_counts"":{""0"":150,""1"":135},""fit_records"":285,""group_overlap"":0}","[{""fit_group_counts_by_label"":{""0"":12,""1"":7},""fit_groups"":19,""fit_records"":95,""fold"":0,""group_overlap"":0,""validation_group_counts_by_label"":{""0"":8,""1"":12},""validation_groups"":20,""validation_records"":100},{""fit_group_counts_by_label"":{""0"":8,""1"":12},""fit_groups"":20,""fit_records"":100,""fold"":1,""group_overlap"":0,""validation_group_counts_by_label"":{""0"":12,""1"":7},""validation_groups"":19,""validation_records"":95}]",0
deduplication__embedding__granite97m__logistic_regression,deduplication,embedding,granite97m,logistic_regression,4,480,120,96,24,0,0.3102422000010847,0.060185899994394276,0.00627130000066245,0.05226083333885375,classifier_pipeline_with_precomputed_embedding,"{""model__C"":10.0}",-0.32631578947368417,"{""curve_points"":2450,""eligible"":true,""negative_threshold"":0.49,""positive_threshold"":0.68,""selected"":{""abstained"":4,""automated_false_negative_rate"":0.0,""automated_false_positive_rate"":0.0,""automation_duplicate_recall"":0.968421052631579,""automation_nonduplicate_recall"":0.99,""coverage"":0.9794871794871794,""covered"":191,""covered_error_rate"":0.0,""false_negative_cost"":5.0,""false_positive_cost"":1.0,""fn"":0,""fp"":0,""negative_predictive_value"":1.0,""negative_threshold"":0.49,""negatives"":100,""positive_threshold"":0.68,""positives"":95,""precision"":1.0,""threshold"":0.68,""tn"":99,""tp"":92,""weighted_covered_error"":0.0}}","{""balance_score"":0.011057692307692268,""calibration_group_counts_by_label"":{""0"":20,""1"":19},""calibration_groups"":39,""calibration_label_counts"":{""0"":100,""1"":95},""calibration_records"":195,""fit_group_counts_by_label"":{""0"":29,""1"":28},""fit_groups"":57,""fit_label_counts"":{""0"":145,""1"":140},""fit_records"":285,""group_overlap"":0}","[{""fit_group_counts_by_label"":{""0"":9,""1"":10},""fit_groups"":19,""fit_records"":95,""fold"":0,""group_overlap"":0,""validation_group_counts_by_label"":{""0"":11,""1"":9},""validation_groups"":20,""validation_records"":100},{""fit_group_counts_by_label"":{""0"":11,""1"":9},""fit_groups"":20,""fit_records"":100,""fold"":1,""group_overlap"":0,""validation_group_counts_by_label"":{""0"":9,""1"":10},""validation_groups"":19,""validation_records"":95}]",0
classification__hybrid__granite97m__logistic_regression,classification,hybrid,granite97m,logistic_regression,0,406,102,84,21,0,4.099355400001514,0.4647172999975737,0.05868039999768371,0.5752980391929775,classifier_pipeline_with_precomputed_embedding,"{""model__C"":10.0}",0.6771964360551354,"{""automatic_maintenance_as_obra"":0,""automatic_non_obra_as_obra"":0,""coverage"":0.509090909090909,""covered"":84,""eligible"":true,""errors"":1,""obra_threshold"":0.9,""risk"":0.011904761904761904,""threshold"":0.78}","{""balance_score"":0.013121361397223433,""calibration_group_counts_by_label"":{""0"":9,""1"":11,""2"":10,""3"":4},""calibration_groups"":34,""calibration_label_counts"":{""0"":41,""1"":55,""2"":50,""3"":19},""calibration_records"":165,""fit_group_counts_by_label"":{""0"":12,""1"":16,""2"":15,""3"":7},""fit_groups"":50,""fit_label_counts"":{""0"":60,""1"":79,""2"":73,""3"":29},""fit_records"":241,""group_overlap"":0}","[{""fit_group_counts_by_label"":{""0"":5,""1"":5,""2"":5,""3"":2},""fit_groups"":17,""fit_records"":80,""fold"":0,""group_overlap"":0,""validation_group_counts_by_label"":{""0"":4,""1"":6,""2"":5,""3"":2},""validation_groups"":17,""validation_records"":85},{""fit_group_counts_by_label"":{""0"":4,""1"":6,""2"":5,""3"":2},""fit_groups"":17,""fit_records"":85,""fold"":1,""group_overlap"":0,""validation_group_counts_by_label"":{""0"":5,""1"":5,""2"":5,""3"":2},""validation_groups"":17,""validation_records"":80}]",0
classification__hybrid__granite97m__logistic_regression,classification,hybrid,granite97m,logistic_regression,1,415,93,84,21,0,4.02660439999454,0.35555809999641497,0.05364669999835314,0.5768462365414316,classifier_pipeline_with_precomputed_embedding,"{""model__C"":10.0}",0.6517495264247469,"{""automatic_maintenance_as_obra"":0,""automatic_non_obra_as_obra"":0,""coverage"":0.5818181818181818,""covered"":96,""eligible"":true,""errors"":2,""obra_threshold"":0.9,""risk"":0.020833333333333332,""threshold"":0.6}","{""balance_score"":0.030156991602774727,""calibration_group_counts_by_label"":{""0"":10,""1"":10,""2"":10,""3"":4},""calibration_groups"":34,""calibration_label_counts"":{""0"":47,""1"":49,""2"":50,""3"":19},""calibration_records"":165,""fit_group_counts_by_label"":{""0"":14,""1"":16,""2"":15,""3"":5},""fit_groups"":50,""fit_label_counts"":{""0"":70,""1"":80,""2"":75,""3"":25},""fit_records"":250,""group_overlap"":0}","[{""fit_group_counts_by_label"":{""0"":3,""1"":5,""2"":7,""3"":2},""fit_groups"":17,""fit_records"":84,""fold"":0,""group_overlap"":0,""validation_group_counts_by_label"":{""0"":7,""1"":5,""2"":3,""3"":2},""validation_groups"":17,""validation_records"":81},{""fit_group_counts_by_label"":{""0"":7,""1"":5,""2"":3,""3"":2},""fit_groups"":17,""fit_records"":81,""fold"":1,""group_overlap"":0,""validation_group_counts_by_label"":{""0"":3,""1"":5,""2"":7,""3"":2},""validation_groups"":17,""validation_records"":84}]",0
classification__hybrid__granite97m__logistic_regression,classification,hybrid,granite97m,logistic_regression,2,405,103,84,21,0,4.000674299997627,0.4308002000034321,0.05745580000075279,0.5578233009781824,classifier_pipeline_with_precomputed_embedding,"{""model__C"":0.1}",0.6366779077475447,"{""eligible"":false,""obra_threshold"":0.9,""threshold"":null}","{""balance_score"":0.02760141093474426,""calibration_group_counts_by_label"":{""0"":8,""1"":11,""2"":11,""3"":4},""calibration_groups"":34,""calibration_label_counts"":{""0"":40,""1"":55,""2"":55,""3"":18},""calibration_records"":168,""fit_group_counts_by_label"":{""0"":13,""1"":15,""2"":16,""3"":6},""fit_groups"":50,""fit_label_counts"":{""0"":58,""1"":75,""2"":78,""3"":26},""fit_records"":237,""group_overlap"":0}","[{""fit_group_counts_by_label"":{""0"":4,""1"":4,""2"":7,""3"":2},""fit_groups"":17,""fit_records"":85,""fold"":0,""group_overlap"":0,""validation_group_counts_by_label"":{""0"":4,""1"":7,""2"":4,""3"":2},""validation_groups"":17,""validation_records"":83},{""fit_group_counts_by_label"":{""0"":4,""1"":7,""2"":4,""3"":2},""fit_groups"":17,""fit_records"":83,""fold"":1,""group_overlap"":0,""validation_group_counts_by_label"":{""0"":4,""1"":4,""2"":7,""3"":2},""validation_groups"":17,""validation_records"":85}]",0
classification__hybrid__granite97m__logistic_regression,classification,hybrid,granite97m,logistic_regression,3,403,105,84,21,0,3.804098000000522,0.40444030000071507,0.0921200000011595,0.8773333333443761,classifier_pipeline_with_precomputed_embedding,"{""model__C"":0.1}",0.5767747475089525,"{""automatic_maintenance_as_obra"":0,""automatic_non_obra_as_obra"":0,""coverage"":0.5061728395061729,""covered"":82,""eligible"":true,""errors"":1,""obra_threshold"":0.9,""risk"":0.012195121951219513,""threshold"":0.72}","{""balance_score"":0.02989308580706429,""calibration_group_counts_by_label"":{""0"":10,""1"":9,""2"":10,""3"":5},""calibration_groups"":34,""calibration_label_counts"":{""0"":47,""1"":44,""2"":48,""3"":23},""calibration_records"":162,""fit_group_counts_by_label"":{""0"":15,""1"":14,""2"":14,""3"":7},""fit_groups"":50,""fit_label_counts"":{""0"":71,""1"":70,""2"":70,""3"":30},""fit_records"":241,""group_overlap"":0}","[{""fit_group_counts_by_label"":{""0"":4,""1"":4,""2"":6,""3"":3},""fit_groups"":17,""fit_records"":83,""fold"":0,""group_overlap"":0,""validation_group_counts_by_label"":{""0"":6,""1"":5,""2"":4,""3"":2},""validation_groups"":17,""validation_records"":79},{""fit_group_counts_by_label"":{""0"":6,""1"":5,""2"":4,""3"":2},""fit_groups"":17,""fit_records"":79,""fold"":1,""group_overlap"":0,""validation_group_counts_by_label"":{""0"":4,""1"":4,""2"":6,""3"":3},""validation_groups"":17,""validation_records"":83}]",0
classification__hybrid__granite97m__logistic_regression,classification,hybrid,granite97m,logistic_regression,4,403,105,84,21,0,3.9483737999980804,0.37769809999736026,0.06192239999654703,0.5897371428242574,classifier_pipeline_with_precomputed_embedding,"{""model__C"":10.0}",0.7203997618731476,"{""automatic_maintenance_as_obra"":0,""automatic_non_obra_as_obra"":0,""coverage"":0.5329341317365269,""covered"":89,""eligible"":true,""errors"":5,""obra_threshold"":0.9,""risk"":0.056179775280898875,""threshold"":0.71}","{""balance_score"":0.023069493766808807,""calibration_group_counts_by_label"":{""0"":8,""1"":11,""2"":11,""3"":4},""calibration_groups"":34,""calibration_label_counts"":{""0"":40,""1"":54,""2"":55,""3"":18},""calibration_records"":167,""fit_group_counts_by_label"":{""0"":13,""1"":15,""2"":16,""3"":6},""fit_groups"":50,""fit_label_counts"":{""0"":58,""1"":75,""2"":78,""3"":25},""fit_records"":236,""group_overlap"":0}","[{""fit_group_counts_by_label"":{""0"":4,""1"":6,""2"":5,""3"":2},""fit_groups"":17,""fit_records"":84,""fold"":0,""group_overlap"":0,""validation_group_counts_by_label"":{""0"":4,""1"":5,""2"":6,""3"":2},""validation_groups"":17,""validation_records"":83},{""fit_group_counts_by_label"":{""0"":4,""1"":5,""2"":6,""3"":2},""fit_groups"":17,""fit_records"":83,""fold"":1,""group_overlap"":0,""validation_group_counts_by_label"":{""0"":4,""1"":6,""2"":5,""3"":2},""validation_groups"":17,""validation_records"":84}]",0
deduplication__hybrid__granite97m__logistic_regression,deduplication,hybrid,granite97m,logistic_regression,0,480,120,96,24,0,7.780409699997108,0.7746675000016694,0.13958370000182185,1.1631975000151822,classifier_pipeline_with_precomputed_embedding,"{""model__C"":0.1}",0.0,"{""curve_points"":2450,""eligible"":true,""negative_threshold"":0.06,""positive_threshold"":0.94,""selected"":{""abstained"":0,""automated_false_negative_rate"":0.0,""automated_false_positive_rate"":0.0,""automation_duplicate_recall"":1.0,""automation_nonduplicate_recall"":1.0,""coverage"":1.0,""covered"":195,""covered_error_rate"":0.0,""false_negative_cost"":5.0,""false_positive_cost"":1.0,""fn"":0,""fp"":0,""negative_predictive_value"":1.0,""negative_threshold"":0.06,""negatives"":95,""positive_threshold"":0.94,""positives"":100,""precision"":1.0,""threshold"":0.94,""tn"":95,""tp"":100,""weighted_covered_error"":0.0}}","{""balance_score"":0.011057692307692268,""calibration_group_counts_by_label"":{""0"":19,""1"":20},""calibration_groups"":39,""calibration_label_counts"":{""0"":95,""1"":100},""calibration_records"":195,""fit_group_counts_by_label"":{""0"":28,""1"":29},""fit_groups"":57,""fit_label_counts"":{""0"":140,""1"":145},""fit_records"":285,""group_overlap"":0}","[{""fit_group_counts_by_label"":{""0"":11,""1"":8},""fit_groups"":19,""fit_records"":95,""fold"":0,""group_overlap"":0,""validation_group_counts_by_label"":{""0"":8,""1"":12},""validation_groups"":20,""validation_records"":100},{""fit_group_counts_by_label"":{""0"":8,""1"":12},""fit_groups"":20,""fit_records"":100,""fold"":1,""group_overlap"":0,""validation_group_counts_by_label"":{""0"":11,""1"":8},""validation_groups"":19,""validation_records"":95}]",0
deduplication__hybrid__granite97m__logistic_regression,deduplication,hybrid,granite97m,logistic_regression,1,480,120,96,24,0,9.991069999996398,0.7434617999970214,0.1378504000022076,1.1487533333517301,classifier_pipeline_with_precomputed_embedding,"{""model__C"":0.1}",0.0,"{""curve_points"":2450,""eligible"":true,""negative_threshold"":0.07,""positive_threshold"":0.93,""selected"":{""abstained"":0,""automated_false_negative_rate"":0.0,""automated_false_positive_rate"":0.0,""automation_duplicate_recall"":1.0,""automation_nonduplicate_recall"":1.0,""coverage"":1.0,""covered"":195,""covered_error_rate"":0.0,""false_negative_cost"":5.0,""false_positive_cost"":1.0,""fn"":0,""fp"":0,""negative_predictive_value"":1.0,""negative_threshold"":0.07,""negatives"":95,""positive_threshold"":0.93,""positives"":100,""precision"":1.0,""threshold"":0.93,""tn"":95,""tp"":100,""weighted_covered_error"":0.0}}","{""balance_score"":0.011057692307692268,""calibration_group_counts_by_label"":{""0"":19,""1"":20},""calibration_groups"":39,""calibration_label_counts"":{""0"":95,""1"":100},""calibration_records"":195,""fit_group_counts_by_label"":{""0"":28,""1"":29},""fit_groups"":57,""fit_label_counts"":{""0"":140,""1"":145},""fit_records"":285,""group_overlap"":0}","[{""fit_group_counts_by_label"":{""0"":11,""1"":8},""fit_groups"":19,""fit_records"":95,""fold"":0,""group_overlap"":0,""validation_group_counts_by_label"":{""0"":8,""1"":12},""validation_groups"":20,""validation_records"":100},{""fit_group_counts_by_label"":{""0"":8,""1"":12},""fit_groups"":20,""fit_records"":100,""fold"":1,""group_overlap"":0,""validation_group_counts_by_label"":{""0"":11,""1"":8},""validation_groups"":19,""validation_records"":95}]",0
deduplication__hybrid__granite97m__logistic_regression,deduplication,hybrid,granite97m,logistic_regression,2,480,120,96,24,0,8.250504199997522,0.7775459999975283,0.14878959999623476,1.2399133333019563,classifier_pipeline_with_precomputed_embedding,"{""model__C"":0.1}",0.0,"{""curve_points"":2450,""eligible"":true,""negative_threshold"":0.13,""positive_threshold"":0.94,""selected"":{""abstained"":0,""automated_false_negative_rate"":0.0,""automated_false_positive_rate"":0.0,""automation_duplicate_recall"":1.0,""automation_nonduplicate_recall"":1.0,""coverage"":1.0,""covered"":195,""covered_error_rate"":0.0,""false_negative_cost"":5.0,""false_positive_cost"":1.0,""fn"":0,""fp"":0,""negative_predictive_value"":1.0,""negative_threshold"":0.13,""negatives"":95,""positive_threshold"":0.94,""positives"":100,""precision"":1.0,""threshold"":0.94,""tn"":95,""tp"":100,""weighted_covered_error"":0.0}}","{""balance_score"":0.011057692307692268,""calibration_group_counts_by_label"":{""0"":19,""1"":20},""calibration_groups"":39,""calibration_label_counts"":{""0"":95,""1"":100},""calibration_records"":195,""fit_group_counts_by_label"":{""0"":28,""1"":29},""fit_groups"":57,""fit_label_counts"":{""0"":140,""1"":145},""fit_records"":285,""group_overlap"":0}","[{""fit_group_counts_by_label"":{""0"":8,""1"":11},""fit_groups"":19,""fit_records"":95,""fold"":0,""group_overlap"":0,""validation_group_counts_by_label"":{""0"":11,""1"":9},""validation_groups"":20,""validation_records"":100},{""fit_group_counts_by_label"":{""0"":11,""1"":9},""fit_groups"":20,""fit_records"":100,""fold"":1,""group_overlap"":0,""validation_group_counts_by_label"":{""0"":8,""1"":11},""validation_groups"":19,""validation_records"":95}]",0
deduplication__hybrid__granite97m__logistic_regression,deduplication,hybrid,granite97m,logistic_regression,3,480,120,96,24,0,8.336958300002152,0.8050537000017357,0.14381520000461023,1.1984600000384187,classifier_pipeline_with_precomputed_embedding,"{""model__C"":0.1}",0.0,"{""curve_points"":2450,""eligible"":true,""negative_threshold"":0.19,""positive_threshold"":0.89,""selected"":{""abstained"":0,""automated_false_negative_rate"":0.0,""automated_false_positive_rate"":0.0,""automation_duplicate_recall"":1.0,""automation_nonduplicate_recall"":1.0,""coverage"":1.0,""covered"":195,""covered_error_rate"":0.0,""false_negative_cost"":5.0,""false_positive_cost"":1.0,""fn"":0,""fp"":0,""negative_predictive_value"":1.0,""negative_threshold"":0.19,""negatives"":100,""positive_threshold"":0.89,""positives"":95,""precision"":1.0,""threshold"":0.89,""tn"":100,""tp"":95,""weighted_covered_error"":0.0}}","{""balance_score"":0.022275641025641058,""calibration_group_counts_by_label"":{""0"":20,""1"":19},""calibration_groups"":39,""calibration_label_counts"":{""0"":100,""1"":95},""calibration_records"":195,""fit_group_counts_by_label"":{""0"":30,""1"":27},""fit_groups"":57,""fit_label_counts"":{""0"":150,""1"":135},""fit_records"":285,""group_overlap"":0}","[{""fit_group_counts_by_label"":{""0"":12,""1"":7},""fit_groups"":19,""fit_records"":95,""fold"":0,""group_overlap"":0,""validation_group_counts_by_label"":{""0"":8,""1"":12},""validation_groups"":20,""validation_records"":100},{""fit_group_counts_by_label"":{""0"":8,""1"":12},""fit_groups"":20,""fit_records"":100,""fold"":1,""group_overlap"":0,""validation_group_counts_by_label"":{""0"":12,""1"":7},""validation_groups"":19,""validation_records"":95}]",0
deduplication__hybrid__granite97m__logistic_regression,deduplication,hybrid,granite97m,logistic_regression,4,480,120,96,24,0,7.526894800001173,0.801609100002679,0.1448932999992394,1.2074441666603282,classifier_pipeline_with_precomputed_embedding,"{""model__C"":0.1}",-0.2280701754385965,"{""curve_points"":2450,""eligible"":true,""negative_threshold"":0.06,""positive_threshold"":0.93,""selected"":{""abstained"":0,""automated_false_negative_rate"":0.0,""automated_false_positive_rate"":0.0,""automation_duplicate_recall"":1.0,""automation_nonduplicate_recall"":1.0,""coverage"":1.0,""covered"":195,""covered_error_rate"":0.0,""false_negative_cost"":5.0,""false_positive_cost"":1.0,""fn"":0,""fp"":0,""negative_predictive_value"":1.0,""negative_threshold"":0.06,""negatives"":100,""positive_threshold"":0.93,""positives"":95,""precision"":1.0,""threshold"":0.93,""tn"":100,""tp"":95,""weighted_covered_error"":0.0}}","{""balance_score"":0.011057692307692268,""calibration_group_counts_by_label"":{""0"":20,""1"":19},""calibration_groups"":39,""calibration_label_counts"":{""0"":100,""1"":95},""calibration_records"":195,""fit_group_counts_by_label"":{""0"":29,""1"":28},""fit_groups"":57,""fit_label_counts"":{""0"":145,""1"":140},""fit_records"":285,""group_overlap"":0}","[{""fit_group_counts_by_label"":{""0"":9,""1"":10},""fit_groups"":19,""fit_records"":95,""fold"":0,""group_overlap"":0,""validation_group_counts_by_label"":{""0"":11,""1"":9},""validation_groups"":20,""validation_records"":100},{""fit_group_counts_by_label"":{""0"":11,""1"":9},""fit_groups"":20,""fit_records"":100,""fold"":1,""group_overlap"":0,""validation_group_counts_by_label"":{""0"":9,""1"":10},""validation_groups"":19,""validation_records"":95}]",0
deduplication__metadata__none__logistic_regression,deduplication,metadata,,logistic_regression,0,480,120,96,24,0,0.25804830000561196,0.09974759999749949,0.010476500006916467,0.0873041667243039,classifier_pipeline_including_tfidf_transform,"{""model__C"":10.0}",-1.0070175438596491,"{""curve_points"":2450,""eligible"":false,""negative_threshold"":null,""positive_threshold"":null,""selected"":null}","{""balance_score"":0.011057692307692268,""calibration_group_counts_by_label"":{""0"":19,""1"":20},""calibration_groups"":39,""calibration_label_counts"":{""0"":95,""1"":100},""calibration_records"":195,""fit_group_counts_by_label"":{""0"":28,""1"":29},""fit_groups"":57,""fit_label_counts"":{""0"":140,""1"":145},""fit_records"":285,""group_overlap"":0}","[{""fit_group_counts_by_label"":{""0"":11,""1"":8},""fit_groups"":19,""fit_records"":95,""fold"":0,""group_overlap"":0,""validation_group_counts_by_label"":{""0"":8,""1"":12},""validation_groups"":20,""validation_records"":100},{""fit_group_counts_by_label"":{""0"":8,""1"":12},""fit_groups"":20,""fit_records"":100,""fold"":1,""group_overlap"":0,""validation_group_counts_by_label"":{""0"":11,""1"":8},""validation_groups"":19,""validation_records"":95}]",0
deduplication__metadata__none__logistic_regression,deduplication,metadata,,logistic_regression,1,480,120,96,24,0,0.13718759999756003,0.049852299998747185,0.004368299996713176,0.0364024999726098,classifier_pipeline_including_tfidf_transform,"{""model__C"":0.1}",-1.1964912280701754,"{""curve_points"":2450,""eligible"":false,""negative_threshold"":null,""positive_threshold"":null,""selected"":null}","{""balance_score"":0.011057692307692268,""calibration_group_counts_by_label"":{""0"":19,""1"":20},""calibration_groups"":39,""calibration_label_counts"":{""0"":95,""1"":100},""calibration_records"":195,""fit_group_counts_by_label"":{""0"":28,""1"":29},""fit_groups"":57,""fit_label_counts"":{""0"":140,""1"":145},""fit_records"":285,""group_overlap"":0}","[{""fit_group_counts_by_label"":{""0"":11,""1"":8},""fit_groups"":19,""fit_records"":95,""fold"":0,""group_overlap"":0,""validation_group_counts_by_label"":{""0"":8,""1"":12},""validation_groups"":20,""validation_records"":100},{""fit_group_counts_by_label"":{""0"":8,""1"":12},""fit_groups"":20,""fit_records"":100,""fold"":1,""group_overlap"":0,""validation_group_counts_by_label"":{""0"":11,""1"":8},""validation_groups"":19,""validation_records"":95}]",0
deduplication__metadata__none__logistic_regression,deduplication,metadata,,logistic_regression,2,480,120,96,24,0,0.2646205999990343,0.10300589999678778,0.00877290000062203,0.07310750000518358,classifier_pipeline_including_tfidf_transform,"{""model__C"":0.1}",-1.1614035087719299,"{""curve_points"":2450,""eligible"":false,""negative_threshold"":null,""positive_threshold"":null,""selected"":null}","{""balance_score"":0.011057692307692268,""calibration_group_counts_by_label"":{""0"":19,""1"":20},""calibration_groups"":39,""calibration_label_counts"":{""0"":95,""1"":100},""calibration_records"":195,""fit_group_counts_by_label"":{""0"":28,""1"":29},""fit_groups"":57,""fit_label_counts"":{""0"":140,""1"":145},""fit_records"":285,""group_overlap"":0}","[{""fit_group_counts_by_label"":{""0"":8,""1"":11},""fit_groups"":19,""fit_records"":95,""fold"":0,""group_overlap"":0,""validation_group_counts_by_label"":{""0"":11,""1"":9},""validation_groups"":20,""validation_records"":100},{""fit_group_counts_by_label"":{""0"":11,""1"":9},""fit_groups"":20,""fit_records"":100,""fold"":1,""group_overlap"":0,""validation_group_counts_by_label"":{""0"":8,""1"":11},""validation_groups"":19,""validation_records"":95}]",0
deduplication__metadata__none__logistic_regression,deduplication,metadata,,logistic_regression,3,480,120,96,24,0,0.13257800000428688,0.048461200000019744,0.00391739999759011,0.03264499997991758,classifier_pipeline_including_tfidf_transform,"{""model__C"":1.0}",-1.5649122807017546,"{""curve_points"":2450,""eligible"":false,""negative_threshold"":null,""positive_threshold"":null,""selected"":null}","{""balance_score"":0.022275641025641058,""calibration_group_counts_by_label"":{""0"":20,""1"":19},""calibration_groups"":39,""calibration_label_counts"":{""0"":100,""1"":95},""calibration_records"":195,""fit_group_counts_by_label"":{""0"":30,""1"":27},""fit_groups"":57,""fit_label_counts"":{""0"":150,""1"":135},""fit_records"":285,""group_overlap"":0}","[{""fit_group_counts_by_label"":{""0"":12,""1"":7},""fit_groups"":19,""fit_records"":95,""fold"":0,""group_overlap"":0,""validation_group_counts_by_label"":{""0"":8,""1"":12},""validation_groups"":20,""validation_records"":100},{""fit_group_counts_by_label"":{""0"":8,""1"":12},""fit_groups"":20,""fit_records"":100,""fold"":1,""group_overlap"":0,""validation_group_counts_by_label"":{""0"":12,""1"":7},""validation_groups"":19,""validation_records"":95}]",0
deduplication__metadata__none__logistic_regression,deduplication,metadata,,logistic_regression,4,480,120,96,24,0,0.1326748999999836,0.04940109999733977,0.028067799998098053,0.23389833331748378,classifier_pipeline_including_tfidf_transform,"{""model__C"":10.0}",-1.231578947368421,"{""curve_points"":2450,""eligible"":false,""negative_threshold"":null,""positive_threshold"":null,""selected"":null}","{""balance_score"":0.011057692307692268,""calibration_group_counts_by_label"":{""0"":20,""1"":19},""calibration_groups"":39,""calibration_label_counts"":{""0"":100,""1"":95},""calibration_records"":195,""fit_group_counts_by_label"":{""0"":29,""1"":28},""fit_groups"":57,""fit_label_counts"":{""0"":145,""1"":140},""fit_records"":285,""group_overlap"":0}","[{""fit_group_counts_by_label"":{""0"":9,""1"":10},""fit_groups"":19,""fit_records"":95,""fold"":0,""group_overlap"":0,""validation_group_counts_by_label"":{""0"":11,""1"":9},""validation_groups"":20,""validation_records"":100},{""fit_group_counts_by_label"":{""0"":11,""1"":9},""fit_groups"":20,""fit_records"":100,""fold"":1,""group_overlap"":0,""validation_group_counts_by_label"":{""0"":9,""1"":10},""validation_groups"":19,""validation_records"":95}]",0
deduplication__hybrid_metadata__granite97m__logistic_regression,deduplication,hybrid_metadata,granite97m,logistic_regression,0,480,120,96,24,0,7.677646999996796,0.8136343000005581,0.1407409999956144,1.17284166663012,classifier_pipeline_with_precomputed_embedding,"{""model__C"":0.1}",0.0,"{""curve_points"":2450,""eligible"":true,""negative_threshold"":0.08,""positive_threshold"":0.94,""selected"":{""abstained"":0,""automated_false_negative_rate"":0.0,""automated_false_positive_rate"":0.0,""automation_duplicate_recall"":1.0,""automation_nonduplicate_recall"":1.0,""coverage"":1.0,""covered"":195,""covered_error_rate"":0.0,""false_negative_cost"":5.0,""false_positive_cost"":1.0,""fn"":0,""fp"":0,""negative_predictive_value"":1.0,""negative_threshold"":0.08,""negatives"":95,""positive_threshold"":0.94,""positives"":100,""precision"":1.0,""threshold"":0.94,""tn"":95,""tp"":100,""weighted_covered_error"":0.0}}","{""balance_score"":0.011057692307692268,""calibration_group_counts_by_label"":{""0"":19,""1"":20},""calibration_groups"":39,""calibration_label_counts"":{""0"":95,""1"":100},""calibration_records"":195,""fit_group_counts_by_label"":{""0"":28,""1"":29},""fit_groups"":57,""fit_label_counts"":{""0"":140,""1"":145},""fit_records"":285,""group_overlap"":0}","[{""fit_group_counts_by_label"":{""0"":11,""1"":8},""fit_groups"":19,""fit_records"":95,""fold"":0,""group_overlap"":0,""validation_group_counts_by_label"":{""0"":8,""1"":12},""validation_groups"":20,""validation_records"":100},{""fit_group_counts_by_label"":{""0"":8,""1"":12},""fit_groups"":20,""fit_records"":100,""fold"":1,""group_overlap"":0,""validation_group_counts_by_label"":{""0"":11,""1"":8},""validation_groups"":19,""validation_records"":95}]",0
deduplication__hybrid_metadata__granite97m__logistic_regression,deduplication,hybrid_metadata,granite97m,logistic_regression,1,480,120,96,24,0,9.2826708000066,1.025968499998271,0.1570988000021316,1.30915666668443,classifier_pipeline_with_precomputed_embedding,"{""model__C"":0.1}",0.0,"{""curve_points"":2450,""eligible"":true,""negative_threshold"":0.09,""positive_threshold"":0.92,""selected"":{""abstained"":0,""automated_false_negative_rate"":0.0,""automated_false_positive_rate"":0.0,""automation_duplicate_recall"":1.0,""automation_nonduplicate_recall"":1.0,""coverage"":1.0,""covered"":195,""covered_error_rate"":0.0,""false_negative_cost"":5.0,""false_positive_cost"":1.0,""fn"":0,""fp"":0,""negative_predictive_value"":1.0,""negative_threshold"":0.09,""negatives"":95,""positive_threshold"":0.92,""positives"":100,""precision"":1.0,""threshold"":0.92,""tn"":95,""tp"":100,""weighted_covered_error"":0.0}}","{""balance_score"":0.011057692307692268,""calibration_group_counts_by_label"":{""0"":19,""1"":20},""calibration_groups"":39,""calibration_label_counts"":{""0"":95,""1"":100},""calibration_records"":195,""fit_group_counts_by_label"":{""0"":28,""1"":29},""fit_groups"":57,""fit_label_counts"":{""0"":140,""1"":145},""fit_records"":285,""group_overlap"":0}","[{""fit_group_counts_by_label"":{""0"":11,""1"":8},""fit_groups"":19,""fit_records"":95,""fold"":0,""group_overlap"":0,""validation_group_counts_by_label"":{""0"":8,""1"":12},""validation_groups"":20,""validation_records"":100},{""fit_group_counts_by_label"":{""0"":8,""1"":12},""fit_groups"":20,""fit_records"":100,""fold"":1,""group_overlap"":0,""validation_group_counts_by_label"":{""0"":11,""1"":8},""validation_groups"":19,""validation_records"":95}]",0
deduplication__hybrid_metadata__granite97m__logistic_regression,deduplication,hybrid_metadata,granite97m,logistic_regression,2,480,120,96,24,0,8.022039799994673,0.8176776000036625,0.18906179999612505,1.5755149999677087,classifier_pipeline_with_precomputed_embedding,"{""model__C"":0.1}",0.0,"{""curve_points"":2450,""eligible"":true,""negative_threshold"":0.09,""positive_threshold"":0.94,""selected"":{""abstained"":0,""automated_false_negative_rate"":0.0,""automated_false_positive_rate"":0.0,""automation_duplicate_recall"":1.0,""automation_nonduplicate_recall"":1.0,""coverage"":1.0,""covered"":195,""covered_error_rate"":0.0,""false_negative_cost"":5.0,""false_positive_cost"":1.0,""fn"":0,""fp"":0,""negative_predictive_value"":1.0,""negative_threshold"":0.09,""negatives"":95,""positive_threshold"":0.94,""positives"":100,""precision"":1.0,""threshold"":0.94,""tn"":95,""tp"":100,""weighted_covered_error"":0.0}}","{""balance_score"":0.011057692307692268,""calibration_group_counts_by_label"":{""0"":19,""1"":20},""calibration_groups"":39,""calibration_label_counts"":{""0"":95,""1"":100},""calibration_records"":195,""fit_group_counts_by_label"":{""0"":28,""1"":29},""fit_groups"":57,""fit_label_counts"":{""0"":140,""1"":145},""fit_records"":285,""group_overlap"":0}","[{""fit_group_counts_by_label"":{""0"":8,""1"":11},""fit_groups"":19,""fit_records"":95,""fold"":0,""group_overlap"":0,""validation_group_counts_by_label"":{""0"":11,""1"":9},""validation_groups"":20,""validation_records"":100},{""fit_group_counts_by_label"":{""0"":11,""1"":9},""fit_groups"":20,""fit_records"":100,""fold"":1,""group_overlap"":0,""validation_group_counts_by_label"":{""0"":8,""1"":11},""validation_groups"":19,""validation_records"":95}]",0
deduplication__hybrid_metadata__granite97m__logistic_regression,deduplication,hybrid_metadata,granite97m,logistic_regression,3,480,120,96,24,0,7.652995800002827,0.7356925999993109,0.16261849999864353,1.3551541666553628,classifier_pipeline_with_precomputed_embedding,"{""model__C"":0.1}",0.0,"{""curve_points"":2450,""eligible"":true,""negative_threshold"":0.1,""positive_threshold"":0.92,""selected"":{""abstained"":0,""automated_false_negative_rate"":0.0,""automated_false_positive_rate"":0.0,""automation_duplicate_recall"":1.0,""automation_nonduplicate_recall"":1.0,""coverage"":1.0,""covered"":195,""covered_error_rate"":0.0,""false_negative_cost"":5.0,""false_positive_cost"":1.0,""fn"":0,""fp"":0,""negative_predictive_value"":1.0,""negative_threshold"":0.1,""negatives"":100,""positive_threshold"":0.92,""positives"":95,""precision"":1.0,""threshold"":0.92,""tn"":100,""tp"":95,""weighted_covered_error"":0.0}}","{""balance_score"":0.022275641025641058,""calibration_group_counts_by_label"":{""0"":20,""1"":19},""calibration_groups"":39,""calibration_label_counts"":{""0"":100,""1"":95},""calibration_records"":195,""fit_group_counts_by_label"":{""0"":30,""1"":27},""fit_groups"":57,""fit_label_counts"":{""0"":150,""1"":135},""fit_records"":285,""group_overlap"":0}","[{""fit_group_counts_by_label"":{""0"":12,""1"":7},""fit_groups"":19,""fit_records"":95,""fold"":0,""group_overlap"":0,""validation_group_counts_by_label"":{""0"":8,""1"":12},""validation_groups"":20,""validation_records"":100},{""fit_group_counts_by_label"":{""0"":8,""1"":12},""fit_groups"":20,""fit_records"":100,""fold"":1,""group_overlap"":0,""validation_group_counts_by_label"":{""0"":12,""1"":7},""validation_groups"":19,""validation_records"":95}]",0
deduplication__hybrid_metadata__granite97m__logistic_regression,deduplication,hybrid_metadata,granite97m,logistic_regression,4,480,120,96,24,0,7.59347059999709,0.8489245000018855,0.15571940000518225,1.2976616667098522,classifier_pipeline_with_precomputed_embedding,"{""model__C"":0.1}",-0.2280701754385965,"{""curve_points"":2450,""eligible"":true,""negative_threshold"":0.07,""positive_threshold"":0.91,""selected"":{""abstained"":0,""automated_false_negative_rate"":0.0,""automated_false_positive_rate"":0.0,""automation_duplicate_recall"":1.0,""automation_nonduplicate_recall"":1.0,""coverage"":1.0,""covered"":195,""covered_error_rate"":0.0,""false_negative_cost"":5.0,""false_positive_cost"":1.0,""fn"":0,""fp"":0,""negative_predictive_value"":1.0,""negative_threshold"":0.07,""negatives"":100,""positive_threshold"":0.91,""positives"":95,""precision"":1.0,""threshold"":0.91,""tn"":100,""tp"":95,""weighted_covered_error"":0.0}}","{""balance_score"":0.011057692307692268,""calibration_group_counts_by_label"":{""0"":20,""1"":19},""calibration_groups"":39,""calibration_label_counts"":{""0"":100,""1"":95},""calibration_records"":195,""fit_group_counts_by_label"":{""0"":29,""1"":28},""fit_groups"":57,""fit_label_counts"":{""0"":145,""1"":140},""fit_records"":285,""group_overlap"":0}","[{""fit_group_counts_by_label"":{""0"":9,""1"":10},""fit_groups"":19,""fit_records"":95,""fold"":0,""group_overlap"":0,""validation_group_counts_by_label"":{""0"":11,""1"":9},""validation_groups"":20,""validation_records"":100},{""fit_group_counts_by_label"":{""0"":11,""1"":9},""fit_groups"":20,""fit_records"":100,""fold"":1,""group_overlap"":0,""validation_group_counts_by_label"":{""0"":9,""1"":10},""validation_groups"":19,""validation_records"":95}]",0
