combination_id,task,representation,embedding,classifier,fold,outer_train_records,outer_test_records,outer_train_groups,outer_test_groups,group_overlap,fit_seconds,calibration_seconds,predict_seconds,predict_ms_per_record,prediction_measurement_scope,best_params,best_inner_score,calibration_policy,calibration_split,calibration_folds,convergence_warnings
classification__tfidf__none__logistic_regression,classification,tfidf,,logistic_regression,0,406,102,84,21,0,4.99517570000171,0.26079419999587117,0.057274800004961435,0.5615176471074651,classifier_pipeline_including_tfidf_transform,"{""model__C"":10.0}",0.622104110496668,"{""automatic_maintenance_as_obra"":0,""automatic_non_obra_as_obra"":0,""coverage"":0.5631067961165048,""covered"":58,""eligible"":true,""errors"":2,""obra_threshold"":0.9,""risk"":0.034482758620689655,""threshold"":0.63}","{""balance_score"":0.03918169209431355,""calibration_groups"":21,""calibration_label_counts"":{""0"":25,""1"":35,""2"":30,""3"":13},""calibration_records"":103,""fit_groups"":63,""fit_label_counts"":{""0"":76,""1"":99,""2"":93,""3"":35},""fit_records"":303,""group_overlap"":0}","[{""fit_groups"":11,""fit_records"":54,""fold"":0,""group_overlap"":0,""validation_groups"":10,""validation_records"":49},{""fit_groups"":10,""fit_records"":49,""fold"":1,""group_overlap"":0,""validation_groups"":11,""validation_records"":54}]",0
classification__tfidf__none__logistic_regression,classification,tfidf,,logistic_regression,1,415,93,84,21,0,4.706600999998045,0.30421190000197385,0.06586110000353074,0.7081838710057069,classifier_pipeline_including_tfidf_transform,"{""model__C"":10.0}",0.5985218345428006,"{""eligible"":false,""obra_threshold"":0.9,""threshold"":null}","{""balance_score"":0.045829471733086255,""calibration_groups"":21,""calibration_label_counts"":{""0"":30,""1"":34,""2"":30,""3"":10},""calibration_records"":104,""fit_groups"":63,""fit_label_counts"":{""0"":87,""1"":95,""2"":95,""3"":34},""fit_records"":311,""group_overlap"":0}","[{""fit_groups"":10,""fit_records"":49,""fold"":0,""group_overlap"":0,""validation_groups"":11,""validation_records"":55},{""fit_groups"":11,""fit_records"":55,""fold"":1,""group_overlap"":0,""validation_groups"":10,""validation_records"":49}]",0
classification__tfidf__none__logistic_regression,classification,tfidf,,logistic_regression,2,405,103,84,21,0,4.831773400001111,0.28175069999997504,0.0656234999987646,0.6371213592113067,classifier_pipeline_including_tfidf_transform,"{""model__C"":10.0}",0.6075702896235778,"{""automatic_maintenance_as_obra"":0,""automatic_non_obra_as_obra"":0,""coverage"":0.7238095238095238,""covered"":76,""eligible"":true,""errors"":7,""obra_threshold"":0.9,""risk"":0.09210526315789473,""threshold"":0.55}","{""balance_score"":0.04382716049382715,""calibration_groups"":21,""calibration_label_counts"":{""0"":25,""1"":35,""2"":35,""3"":10},""calibration_records"":105,""fit_groups"":63,""fit_label_counts"":{""0"":73,""1"":95,""2"":98,""3"":34},""fit_records"":300,""group_overlap"":0}","[{""fit_groups"":10,""fit_records"":50,""fold"":0,""group_overlap"":0,""validation_groups"":11,""validation_records"":55},{""fit_groups"":11,""fit_records"":55,""fold"":1,""group_overlap"":0,""validation_groups"":10,""validation_records"":50}]",0
classification__tfidf__none__logistic_regression,classification,tfidf,,logistic_regression,3,403,105,84,21,0,4.331350200001907,0.326863800000865,0.07071629999700235,0.6734885714000224,classifier_pipeline_including_tfidf_transform,"{""model__C"":0.1}",0.7526182940381189,"{""automatic_maintenance_as_obra"":0,""automatic_non_obra_as_obra"":0,""coverage"":0.5096153846153846,""covered"":53,""eligible"":true,""errors"":5,""obra_threshold"":0.9,""risk"":0.09433962264150944,""threshold"":0.59}","{""balance_score"":0.02543424317617865,""calibration_groups"":21,""calibration_label_counts"":{""0"":30,""1"":30,""2"":30,""3"":14},""calibration_records"":104,""fit_groups"":63,""fit_label_counts"":{""0"":88,""1"":84,""2"":88,""3"":39},""fit_records"":299,""group_overlap"":0}","[{""fit_groups"":10,""fit_records"":49,""fold"":0,""group_overlap"":0,""validation_groups"":11,""validation_records"":55},{""fit_groups"":11,""fit_records"":55,""fold"":1,""group_overlap"":0,""validation_groups"":10,""validation_records"":49}]",0
classification__tfidf__none__logistic_regression,classification,tfidf,,logistic_regression,4,403,105,84,21,0,4.652126100001624,0.28504249999969034,0.06128259999968577,0.5836438095208168,classifier_pipeline_including_tfidf_transform,"{""model__C"":0.1}",0.7026291307658642,"{""automatic_maintenance_as_obra"":0,""automatic_non_obra_as_obra"":0,""coverage"":0.5148514851485149,""covered"":52,""eligible"":true,""errors"":5,""obra_threshold"":0.9,""risk"":0.09615384615384616,""threshold"":0.69}","{""balance_score"":0.04238631059135688,""calibration_groups"":21,""calibration_label_counts"":{""0"":25,""1"":34,""2"":33,""3"":9},""calibration_records"":101,""fit_groups"":63,""fit_label_counts"":{""0"":73,""1"":95,""2"":100,""3"":34},""fit_records"":302,""group_overlap"":0}","[{""fit_groups"":11,""fit_records"":53,""fold"":0,""group_overlap"":0,""validation_groups"":10,""validation_records"":48},{""fit_groups"":10,""fit_records"":48,""fold"":1,""group_overlap"":0,""validation_groups"":11,""validation_records"":53}]",0
deduplication__tfidf__none__logistic_regression,deduplication,tfidf,,logistic_regression,0,480,120,96,24,0,9.849272699997528,0.5102006000015535,0.1508599000007962,1.2571658333399682,classifier_pipeline_including_tfidf_transform,"{""model__C"":0.1}",0.0,"{""curve_points"":2450,""eligible"":true,""negative_threshold"":0.08,""positive_threshold"":0.92,""selected"":{""abstained"":0,""automated_false_negative_rate"":0.0,""automated_false_positive_rate"":0.0,""automation_duplicate_recall"":1.0,""automation_nonduplicate_recall"":1.0,""coverage"":1.0,""covered"":120,""covered_error_rate"":0.0,""false_negative_cost"":5.0,""false_positive_cost"":1.0,""fn"":0,""fp"":0,""negative_predictive_value"":1.0,""negative_threshold"":0.08,""negatives"":60,""positive_threshold"":0.92,""positives"":60,""precision"":1.0,""threshold"":0.92,""tn"":60,""tp"":60,""weighted_covered_error"":0.0}}","{""balance_score"":0.020833333333333315,""calibration_groups"":24,""calibration_label_counts"":{""0"":60,""1"":60},""calibration_records"":120,""fit_groups"":72,""fit_label_counts"":{""0"":175,""1"":185},""fit_records"":360,""group_overlap"":0}","[{""fit_groups"":12,""fit_records"":60,""fold"":0,""group_overlap"":0,""validation_groups"":12,""validation_records"":60},{""fit_groups"":12,""fit_records"":60,""fold"":1,""group_overlap"":0,""validation_groups"":12,""validation_records"":60}]",0
deduplication__tfidf__none__logistic_regression,deduplication,tfidf,,logistic_regression,1,480,120,96,24,0,10.365236400000867,0.5369678999995813,0.13709599999856437,1.142466666654703,classifier_pipeline_including_tfidf_transform,"{""model__C"":0.1}",0.0,"{""curve_points"":2450,""eligible"":true,""negative_threshold"":0.11,""positive_threshold"":0.88,""selected"":{""abstained"":0,""automated_false_negative_rate"":0.0,""automated_false_positive_rate"":0.0,""automation_duplicate_recall"":1.0,""automation_nonduplicate_recall"":1.0,""coverage"":1.0,""covered"":120,""covered_error_rate"":0.0,""false_negative_cost"":5.0,""false_positive_cost"":1.0,""fn"":0,""fp"":0,""negative_predictive_value"":1.0,""negative_threshold"":0.11,""negatives"":60,""positive_threshold"":0.88,""positives"":60,""precision"":1.0,""threshold"":0.88,""tn"":60,""tp"":60,""weighted_covered_error"":0.0}}","{""balance_score"":0.020833333333333315,""calibration_groups"":24,""calibration_label_counts"":{""0"":60,""1"":60},""calibration_records"":120,""fit_groups"":72,""fit_label_counts"":{""0"":175,""1"":185},""fit_records"":360,""group_overlap"":0}","[{""fit_groups"":12,""fit_records"":60,""fold"":0,""group_overlap"":0,""validation_groups"":12,""validation_records"":60},{""fit_groups"":12,""fit_records"":60,""fold"":1,""group_overlap"":0,""validation_groups"":12,""validation_records"":60}]",0
deduplication__tfidf__none__logistic_regression,deduplication,tfidf,,logistic_regression,2,480,120,96,24,0,10.111934599997767,0.5633045000067796,0.15572800000518328,1.2977333333765273,classifier_pipeline_including_tfidf_transform,"{""model__C"":0.1}",0.0,"{""curve_points"":2450,""eligible"":true,""negative_threshold"":0.11,""positive_threshold"":0.92,""selected"":{""abstained"":0,""automated_false_negative_rate"":0.0,""automated_false_positive_rate"":0.0,""automation_duplicate_recall"":1.0,""automation_nonduplicate_recall"":1.0,""coverage"":1.0,""covered"":120,""covered_error_rate"":0.0,""false_negative_cost"":5.0,""false_positive_cost"":1.0,""fn"":0,""fp"":0,""negative_predictive_value"":1.0,""negative_threshold"":0.11,""negatives"":60,""positive_threshold"":0.92,""positives"":60,""precision"":1.0,""threshold"":0.92,""tn"":60,""tp"":60,""weighted_covered_error"":0.0}}","{""balance_score"":0.020833333333333315,""calibration_groups"":24,""calibration_label_counts"":{""0"":60,""1"":60},""calibration_records"":120,""fit_groups"":72,""fit_label_counts"":{""0"":175,""1"":185},""fit_records"":360,""group_overlap"":0}","[{""fit_groups"":12,""fit_records"":60,""fold"":0,""group_overlap"":0,""validation_groups"":12,""validation_records"":60},{""fit_groups"":12,""fit_records"":60,""fold"":1,""group_overlap"":0,""validation_groups"":12,""validation_records"":60}]",0
deduplication__tfidf__none__logistic_regression,deduplication,tfidf,,logistic_regression,3,480,120,96,24,0,10.49834550000378,0.5606278999985079,0.1624727000016719,1.3539391666805993,classifier_pipeline_including_tfidf_transform,"{""model__C"":1.0}",0.0,"{""curve_points"":2450,""eligible"":true,""negative_threshold"":0.09,""positive_threshold"":0.88,""selected"":{""abstained"":0,""automated_false_negative_rate"":0.0,""automated_false_positive_rate"":0.0,""automation_duplicate_recall"":1.0,""automation_nonduplicate_recall"":1.0,""coverage"":1.0,""covered"":120,""covered_error_rate"":0.0,""false_negative_cost"":5.0,""false_positive_cost"":1.0,""fn"":0,""fp"":0,""negative_predictive_value"":1.0,""negative_threshold"":0.09,""negatives"":65,""positive_threshold"":0.88,""positives"":55,""precision"":1.0,""threshold"":0.88,""tn"":65,""tp"":55,""weighted_covered_error"":0.0}}","{""balance_score"":0.04166666666666663,""calibration_groups"":24,""calibration_label_counts"":{""0"":65,""1"":55},""calibration_records"":120,""fit_groups"":72,""fit_label_counts"":{""0"":185,""1"":175},""fit_records"":360,""group_overlap"":0}","[{""fit_groups"":12,""fit_records"":60,""fold"":0,""group_overlap"":0,""validation_groups"":12,""validation_records"":60},{""fit_groups"":12,""fit_records"":60,""fold"":1,""group_overlap"":0,""validation_groups"":12,""validation_records"":60}]",0
deduplication__tfidf__none__logistic_regression,deduplication,tfidf,,logistic_regression,4,480,120,96,24,0,9.747727200003283,0.5443297000019811,0.15960120000090683,1.330010000007557,classifier_pipeline_including_tfidf_transform,"{""model__C"":0.1}",0.0,"{""curve_points"":2450,""eligible"":true,""negative_threshold"":0.17,""positive_threshold"":0.87,""selected"":{""abstained"":0,""automated_false_negative_rate"":0.0,""automated_false_positive_rate"":0.0,""automation_duplicate_recall"":1.0,""automation_nonduplicate_recall"":1.0,""coverage"":1.0,""covered"":120,""covered_error_rate"":0.0,""false_negative_cost"":5.0,""false_positive_cost"":1.0,""fn"":0,""fp"":0,""negative_predictive_value"":1.0,""negative_threshold"":0.17,""negatives"":60,""positive_threshold"":0.87,""positives"":60,""precision"":1.0,""threshold"":0.87,""tn"":60,""tp"":60,""weighted_covered_error"":0.0}}","{""balance_score"":0.020833333333333315,""calibration_groups"":24,""calibration_label_counts"":{""0"":60,""1"":60},""calibration_records"":120,""fit_groups"":72,""fit_label_counts"":{""0"":185,""1"":175},""fit_records"":360,""group_overlap"":0}","[{""fit_groups"":12,""fit_records"":60,""fold"":0,""group_overlap"":0,""validation_groups"":12,""validation_records"":60},{""fit_groups"":12,""fit_records"":60,""fold"":1,""group_overlap"":0,""validation_groups"":12,""validation_records"":60}]",0
