combination_id,task,representation,embedding,classifier,status,failure,elapsed_seconds,mean_fold_fit_seconds,mean_downstream_predict_ms_per_record,records,accuracy,macro_f1,log_loss,brier_score,expected_calibration_error_10_bins,obra_recall,automatic_records,automatic_coverage,human_review_required_records,automatic_triage_records,triagem_manual_is_automatic,automatic_errors,automatic_risk,automatic_maintenance_as_obra,automatic_non_obra_as_obra,automatic_non_obra_records,automatic_non_obra_as_obra_rate,automatic_non_obra_as_obra_group_events,automatic_non_obra_exposed_groups,automatic_non_obra_as_obra_group_rate_upper,semantic_maintenance_as_obra,confidence_level,group_bootstrap_accuracy_ci_lower,group_bootstrap_accuracy_ci_upper,group_bootstrap_macro_f1_ci_lower,group_bootstrap_macro_f1_ci_upper,group_bootstrap_coverage_ci_lower,group_bootstrap_coverage_ci_upper,group_bootstrap_selective_risk_ci_lower,group_bootstrap_selective_risk_ci_upper
classification__tfidf__none__logistic_regression,classification,tfidf,,logistic_regression,COMPLETED_DEVELOPMENT_OOF,,49.40205320005771,7.877251380030065,0.747684501995052,1114,0.8052064631956912,0.7739492597659048,0.5139360498630783,0.2770826537126718,0.04873650331624058,0.8701298701298701,242,0.21723518850987433,872,0,False,20,0.08264462809917356,0,0,213,0.0,0,27,0.10501923017634426,20,0.95,0.7381991109133995,0.8630280911170795,0.706697476341694,0.833858872584156,0.14587366630586054,0.29065149857148087,0.0207762691853601,0.17012668844354198
classification__tfidf__none__decision_tree,classification,tfidf,,decision_tree,COMPLETED_DEVELOPMENT_OOF,,62.85664219991304,10.58197014001198,0.5820434037901274,1114,0.6579892280071813,0.6360739770034031,0.9467033849238463,0.4931898296007605,0.025011513364789448,0.41125541125541126,0,0.0,1114,0,False,0,,0,0,0,,0,0,,42,0.95,0.5870557586590189,0.7248146025753387,0.5575844917403796,0.7050457627147447,0.0,0.0,,
classification__tfidf__none__linear_svm,classification,tfidf,,linear_svm,COMPLETED_DEVELOPMENT_OOF,,48.122735399985686,7.732316420017741,0.8186967754643724,1114,0.8159784560143627,0.7848967999856182,0.4886564351922637,0.2664446323314696,0.02918090943827957,0.9047619047619048,414,0.37163375224416517,700,0,False,29,0.07004830917874397,0,4,347,0.011527377521613832,1,39,0.11595214875792409,15,0.95,0.7479101524063587,0.8721659967764172,0.7160264226862649,0.8447282760630543,0.28329586228823184,0.45986812829181134,0.021878270383407863,0.13107870752333317
classification__tfidf__none__mlp,classification,tfidf,,mlp,COMPLETED_DEVELOPMENT_OOF,,466.05785830004606,91.36178111997432,0.6339910369365375,1114,0.8150807899461401,0.7855112292726623,0.508507786006718,0.2684106507464159,0.021125443851547666,0.8961038961038961,139,0.12477558348294435,975,0,False,9,0.06474820143884892,0,0,122,0.0,0,13,0.20581666518655062,16,0.95,0.749040447367585,0.8742240939558009,0.7183063672552216,0.8451977034646383,0.0645355806065216,0.188766727858036,0.0,0.18683035714285706
classification__tfidf__none__xgboost,classification,tfidf,,xgboost,COMPLETED_DEVELOPMENT_OOF,,896.7951866999501,176.43940743999556,1.089908639822918,1114,0.7351885098743267,0.7172461851492182,0.7064072953463986,0.3688087433391018,0.06800023968350025,0.6017316017316018,77,0.06912028725314183,1037,0,False,13,0.16883116883116883,0,0,63,0.0,0,12,0.22092219194555582,30,0.95,0.6782666687206506,0.7919267051650247,0.6509060489799567,0.7747077018941152,0.035247936848489196,0.10584984545392315,0.03570378151260506,0.3870967741935484
deduplication__tfidf__none__logistic_regression,deduplication,tfidf,,logistic_regression,FAILED,SelectionGuardError: deduplication__tfidf__none__logistic_regression/outer-0: não foi possível separar ajuste e calibração por grupo,0.6988002000143752,,,,,,,,,,,,,,,,,,,,,,,,,,,,,,,,,
deduplication__tfidf__none__decision_tree,deduplication,tfidf,,decision_tree,FAILED,SelectionGuardError: deduplication__tfidf__none__decision_tree/outer-0: não foi possível separar ajuste e calibração por grupo,1.019357500015758,,,,,,,,,,,,,,,,,,,,,,,,,,,,,,,,,
deduplication__tfidf__none__linear_svm,deduplication,tfidf,,linear_svm,FAILED,SelectionGuardError: deduplication__tfidf__none__linear_svm/outer-0: não foi possível separar ajuste e calibração por grupo,1.3110539000481367,,,,,,,,,,,,,,,,,,,,,,,,,,,,,,,,,
deduplication__tfidf__none__mlp,deduplication,tfidf,,mlp,FAILED,SelectionGuardError: deduplication__tfidf__none__mlp/outer-0: não foi possível separar ajuste e calibração por grupo,1.416013100068085,,,,,,,,,,,,,,,,,,,,,,,,,,,,,,,,,
deduplication__tfidf__none__xgboost,deduplication,tfidf,,xgboost,FAILED,SelectionGuardError: deduplication__tfidf__none__xgboost/outer-0: não foi possível separar ajuste e calibração por grupo,1.3907642998965457,,,,,,,,,,,,,,,,,,,,,,,,,,,,,,,,,
classification__embedding__granite97m__logistic_regression,classification,embedding,granite97m,logistic_regression,COMPLETED_DEVELOPMENT_OOF,,11.764275699970312,1.0750425400212407,0.043114734432259987,1114,0.7567324955116697,0.7086271337923634,0.6594277996518697,0.35552598539186714,0.023748709919132444,0.8008658008658008,184,0.1651705565529623,930,0,False,24,0.13043478260869565,4,4,149,0.026845637583892617,1,18,0.2376609150746397,22,0.95,0.6803454589821928,0.8299070197686134,0.6300468696162976,0.7774909896687905,0.10498687664041995,0.2299770185909309,0.018399330730619085,0.29333333333333333
classification__embedding__granite97m__decision_tree,classification,embedding,granite97m,decision_tree,COMPLETED_DEVELOPMENT_OOF,,16.68511589989066,2.165607459982857,0.03301298819008914,1114,0.42100538599640935,0.356904299970355,1.2889802461946387,0.6983692708906417,0.10931517986286675,0.4155844155844156,0,0.0,1114,0,False,0,,0,0,0,,0,0,,84,0.95,0.346106021329735,0.49738019151162255,0.2974451687675592,0.4129775403787688,0.0,0.0,,
classification__embedding__granite97m__linear_svm,classification,embedding,granite97m,linear_svm,COMPLETED_DEVELOPMENT_OOF,,14.114188399980776,1.5777759399963542,0.03777878388788341,1114,0.7450628366247756,0.6859971211479929,0.6627287730765538,0.3536694424889297,0.0406153386089943,0.8138528138528138,223,0.2001795332136445,891,0,False,27,0.1210762331838565,2,2,188,0.010638297872340425,1,25,0.17612071060451798,12,0.95,0.6657508050532573,0.8205625282284681,0.6179541654659544,0.755115025618272,0.1303907415371621,0.27707815032892436,0.022343265052762264,0.2589418436293436
classification__embedding__granite97m__mlp,classification,embedding,granite97m,mlp,COMPLETED_DEVELOPMENT_OOF,,215.99323490005918,42.080213760002515,0.10190530796502849,1114,0.7675044883303411,0.7218165532143489,0.7124974318586592,0.36746970799988365,0.06744421666641186,0.8614718614718615,120,0.10771992818671454,994,0,False,12,0.1,0,0,102,0.0,0,11,0.2384041903808526,23,0.95,0.6912303053872327,0.839237963410345,0.6469094454636689,0.7913642062497936,0.05519180399432502,0.17030517661852676,0.0,0.2937461866992066
classification__embedding__granite97m__xgboost,classification,embedding,granite97m,xgboost,COMPLETED_DEVELOPMENT_OOF,,265.0183731999714,52.018819320038894,0.04544943525280208,1114,0.6059245960502693,0.5321585230423334,1.0249568322026725,0.5467708626789348,0.062051433646288116,0.6406926406926406,0,0.0,1114,0,False,0,,0,0,0,,0,0,,60,0.95,0.5267693097137771,0.681172932614352,0.4696458134117605,0.592812333335174,0.0,0.0,,
deduplication__embedding__granite97m__logistic_regression,deduplication,embedding,granite97m,logistic_regression,FAILED,SelectionGuardError: deduplication__embedding__granite97m__logistic_regression/outer-0: não foi possível separar ajuste e calibração por grupo,0.698658199980855,,,,,,,,,,,,,,,,,,,,,,,,,,,,,,,,,
deduplication__embedding__granite97m__decision_tree,deduplication,embedding,granite97m,decision_tree,FAILED,SelectionGuardError: deduplication__embedding__granite97m__decision_tree/outer-0: não foi possível separar ajuste e calibração por grupo,1.1639597999164835,,,,,,,,,,,,,,,,,,,,,,,,,,,,,,,,,
deduplication__embedding__granite97m__linear_svm,deduplication,embedding,granite97m,linear_svm,FAILED,SelectionGuardError: deduplication__embedding__granite97m__linear_svm/outer-0: não foi possível separar ajuste e calibração por grupo,1.4651050999527797,,,,,,,,,,,,,,,,,,,,,,,,,,,,,,,,,
deduplication__embedding__granite97m__mlp,deduplication,embedding,granite97m,mlp,FAILED,SelectionGuardError: deduplication__embedding__granite97m__mlp/outer-0: não foi possível separar ajuste e calibração por grupo,1.4230613999534398,,,,,,,,,,,,,,,,,,,,,,,,,,,,,,,,,
deduplication__embedding__granite97m__xgboost,deduplication,embedding,granite97m,xgboost,FAILED,SelectionGuardError: deduplication__embedding__granite97m__xgboost/outer-0: não foi possível separar ajuste e calibração por grupo,1.530834099976346,,,,,,,,,,,,,,,,,,,,,,,,,,,,,,,,,
classification__embedding__multilingual_e5_small__logistic_regression,classification,embedding,multilingual_e5_small,logistic_regression,COMPLETED_DEVELOPMENT_OOF,,11.282650799956173,0.9308563399827108,0.0356061617452153,1114,0.8123877917414721,0.7788927898684355,0.5866425956557364,0.2934204202180725,0.039343272722498726,0.8051948051948052,237,0.2127468581687612,877,0,False,13,0.05485232067510549,0,0,192,0.0,0,25,0.11292814500684321,25,0.95,0.7409497290384032,0.8760011027952966,0.6962474257459218,0.8483663795230033,0.14257813125967286,0.2838978142148695,0.0068942059582453715,0.14501872469635615
classification__embedding__multilingual_e5_small__decision_tree,classification,embedding,multilingual_e5_small,decision_tree,COMPLETED_DEVELOPMENT_OOF,,16.029050100012682,2.0832184999948367,0.03405884150615652,1114,0.43087971274685816,0.35424877444364106,1.3051704951330294,0.6999679901694227,0.012401823888062904,0.3246753246753247,0,0.0,1114,0,False,0,,0,0,0,,0,0,,61,0.95,0.3635598394060915,0.49598301673828876,0.3058762622899517,0.39907852649449516,0.0,0.0,,
classification__embedding__multilingual_e5_small__linear_svm,classification,embedding,multilingual_e5_small,linear_svm,COMPLETED_DEVELOPMENT_OOF,,13.748016800032929,1.731449619983323,0.032780333335804816,1114,0.8339317773788151,0.8003566731414831,0.5718698584538471,0.27667477917958716,0.050895582750514486,0.8528138528138528,531,0.47666068222621183,583,0,False,59,0.1111111111111111,1,1,458,0.002183406113537118,1,55,0.08337134225089449,25,0.95,0.7609700345254381,0.8974609293922885,0.7223614535627442,0.8700321454741133,0.3945384016488385,0.5593763944667558,0.037568582963819264,0.19931216931216922
classification__embedding__multilingual_e5_small__mlp,classification,embedding,multilingual_e5_small,mlp,COMPLETED_DEVELOPMENT_OOF,,399.3863738999935,78.79843910001219,0.1441398337822684,1114,0.8357271095152603,0.8036324064755533,0.5899122156673869,0.2802697495543386,0.03580347624709803,0.9004329004329005,0,0.0,1114,0,False,0,,0,0,0,,0,0,,22,0.95,0.7649981036220819,0.8958816729654286,0.7304699650285276,0.8667991637127201,0.0,0.0,,
classification__embedding__multilingual_e5_small__xgboost,classification,embedding,multilingual_e5_small,xgboost,COMPLETED_DEVELOPMENT_OOF,,261.2395544000901,51.260120359994474,0.04376082423238237,1114,0.6472172351885098,0.58675234476782,0.9224796998075873,0.49550516732913974,0.06548870920231975,0.645021645021645,106,0.09515260323159784,1008,0,False,42,0.39622641509433965,0,0,95,0.0,0,13,0.20581666518655062,45,0.95,0.581107039093961,0.710643692382007,0.5288161203261503,0.639896847650272,0.047793020445092635,0.15022846402287285,0.10461220330855918,0.6595799517438033
deduplication__embedding__multilingual_e5_small__logistic_regression,deduplication,embedding,multilingual_e5_small,logistic_regression,FAILED,SelectionGuardError: deduplication__embedding__multilingual_e5_small__logistic_regression/outer-0: não foi possível separar ajuste e calibração por grupo,0.7031304999254644,,,,,,,,,,,,,,,,,,,,,,,,,,,,,,,,,
deduplication__embedding__multilingual_e5_small__decision_tree,deduplication,embedding,multilingual_e5_small,decision_tree,FAILED,SelectionGuardError: deduplication__embedding__multilingual_e5_small__decision_tree/outer-0: não foi possível separar ajuste e calibração por grupo,1.160858300048858,,,,,,,,,,,,,,,,,,,,,,,,,,,,,,,,,
deduplication__embedding__multilingual_e5_small__linear_svm,deduplication,embedding,multilingual_e5_small,linear_svm,FAILED,SelectionGuardError: deduplication__embedding__multilingual_e5_small__linear_svm/outer-0: não foi possível separar ajuste e calibração por grupo,1.2066317000426352,,,,,,,,,,,,,,,,,,,,,,,,,,,,,,,,,
deduplication__embedding__multilingual_e5_small__mlp,deduplication,embedding,multilingual_e5_small,mlp,FAILED,SelectionGuardError: deduplication__embedding__multilingual_e5_small__mlp/outer-0: não foi possível separar ajuste e calibração por grupo,1.3502176000038162,,,,,,,,,,,,,,,,,,,,,,,,,,,,,,,,,
deduplication__embedding__multilingual_e5_small__xgboost,deduplication,embedding,multilingual_e5_small,xgboost,FAILED,SelectionGuardError: deduplication__embedding__multilingual_e5_small__xgboost/outer-0: não foi possível separar ajuste e calibração por grupo,1.4374833001056686,,,,,,,,,,,,,,,,,,,,,,,,,,,,,,,,,
classification__embedding__multilingual_minilm_l12__logistic_regression,classification,embedding,multilingual_minilm_l12,logistic_regression,COMPLETED_DEVELOPMENT_OOF,,8.507774699945003,0.7730502599850297,0.029088753831076217,1114,0.729802513464991,0.6817372070741281,0.7265088335453127,0.396284292826887,0.04471852102733222,0.8095238095238095,164,0.14721723518850988,950,0,False,25,0.1524390243902439,5,5,141,0.03546099290780142,1,22,0.19812213163688158,29,0.95,0.6544350744801443,0.7990584495488104,0.6065651495681036,0.7514959543011116,0.09165190892364307,0.20767476156348194,0.03400008538980449,0.3282596444489983
classification__embedding__multilingual_minilm_l12__decision_tree,classification,embedding,multilingual_minilm_l12,decision_tree,COMPLETED_DEVELOPMENT_OOF,,16.127804299932905,2.0463558800052852,0.03176998090177368,1114,0.45691202872531417,0.4069004076878453,1.289407458212551,0.6860484719651927,0.047691597545311826,0.3852813852813853,0,0.0,1114,0,False,0,,0,0,0,,0,0,,101,0.95,0.38577457553680466,0.5236499005236295,0.3421578198996226,0.46622804180255406,0.0,0.0,,
classification__embedding__multilingual_minilm_l12__linear_svm,classification,embedding,multilingual_minilm_l12,linear_svm,COMPLETED_DEVELOPMENT_OOF,,10.946289099985734,1.0455244000069797,0.033236252248633684,1114,0.7324955116696589,0.6892743426849631,0.7200420233440703,0.392057728871252,0.03679771465082919,0.7835497835497836,183,0.16427289048473967,931,0,False,28,0.15300546448087432,6,6,155,0.03870967741935484,2,25,0.23103993395814412,20,0.95,0.6562361618565616,0.805735645853098,0.6138188740946231,0.7607236170880607,0.10421915374677003,0.2282588601079809,0.04890972958642631,0.3081549405208444
classification__embedding__multilingual_minilm_l12__mlp,classification,embedding,multilingual_minilm_l12,mlp,COMPLETED_DEVELOPMENT_OOF,,125.37983720004559,24.107645359961317,0.06315724162483402,1114,0.7262118491921006,0.6992115739019752,0.8078155632877732,0.4161898248291202,0.08660840209226114,0.7965367965367965,0,0.0,1114,0,False,0,,0,0,0,,0,0,,37,0.95,0.6510442972123338,0.7955055917986952,0.6207580095898094,0.7696207268645024,0.0,0.0,,
classification__embedding__multilingual_minilm_l12__xgboost,classification,embedding,multilingual_minilm_l12,xgboost,COMPLETED_DEVELOPMENT_OOF,,263.2941533999983,51.61094605999533,0.050928429024088034,1114,0.6543985637342908,0.5976255243656468,0.9195841324955903,0.47638723278639905,0.07848329892563058,0.7272727272727273,41,0.03680430879712747,1073,0,False,13,0.3170731707317073,1,1,41,0.024390243902439025,1,10,0.3941633024365047,64,0.95,0.5795443080930369,0.7262744904017415,0.5296523576531206,0.6585446952859737,0.014033860875966142,0.06550581587132039,0.09615384615384616,0.6775293255131958
deduplication__embedding__multilingual_minilm_l12__logistic_regression,deduplication,embedding,multilingual_minilm_l12,logistic_regression,FAILED,SelectionGuardError: deduplication__embedding__multilingual_minilm_l12__logistic_regression/outer-0: não foi possível separar ajuste e calibração por grupo,0.7060728999786079,,,,,,,,,,,,,,,,,,,,,,,,,,,,,,,,,
deduplication__embedding__multilingual_minilm_l12__decision_tree,deduplication,embedding,multilingual_minilm_l12,decision_tree,FAILED,SelectionGuardError: deduplication__embedding__multilingual_minilm_l12__decision_tree/outer-0: não foi possível separar ajuste e calibração por grupo,1.031621899921447,,,,,,,,,,,,,,,,,,,,,,,,,,,,,,,,,
deduplication__embedding__multilingual_minilm_l12__linear_svm,deduplication,embedding,multilingual_minilm_l12,linear_svm,FAILED,SelectionGuardError: deduplication__embedding__multilingual_minilm_l12__linear_svm/outer-0: não foi possível separar ajuste e calibração por grupo,1.444312399951741,,,,,,,,,,,,,,,,,,,,,,,,,,,,,,,,,
deduplication__embedding__multilingual_minilm_l12__mlp,deduplication,embedding,multilingual_minilm_l12,mlp,FAILED,SelectionGuardError: deduplication__embedding__multilingual_minilm_l12__mlp/outer-0: não foi possível separar ajuste e calibração por grupo,1.402085099951364,,,,,,,,,,,,,,,,,,,,,,,,,,,,,,,,,
deduplication__embedding__multilingual_minilm_l12__xgboost,deduplication,embedding,multilingual_minilm_l12,xgboost,FAILED,SelectionGuardError: deduplication__embedding__multilingual_minilm_l12__xgboost/outer-0: não foi possível separar ajuste e calibração por grupo,1.5695319999940693,,,,,,,,,,,,,,,,,,,,,,,,,,,,,,,,,
classification__hybrid__granite97m__logistic_regression,classification,hybrid,granite97m,logistic_regression,COMPLETED_DEVELOPMENT_OOF,,48.95177980000153,7.833665200020187,0.7126747053114216,1114,0.8096947935368043,0.7754756141339507,0.46984390186384256,0.264867618367282,0.030795285466050044,0.8701298701298701,505,0.4533213644524237,609,0,False,30,0.0594059405940594,0,0,433,0.0,0,50,0.05815507911697226,23,0.95,0.7411901593886097,0.8668927794812036,0.7064003819264081,0.8362856292138048,0.36485145040993566,0.5408277492404978,0.017504514920738058,0.1270175213865621
classification__hybrid__granite97m__decision_tree,classification,hybrid,granite97m,decision_tree,COMPLETED_DEVELOPMENT_OOF,,65.16248329996597,11.295732139982283,0.6973148832753059,1114,0.644524236983842,0.6045260653071728,1.012436945120069,0.5263949646561855,0.07902472227325477,0.5151515151515151,0,0.0,1114,0,False,0,,0,0,0,,0,0,,59,0.95,0.5766627538099658,0.7106967149441556,0.5316743054679265,0.6729522166393594,0.0,0.0,,
classification__hybrid__granite97m__linear_svm,classification,hybrid,granite97m,linear_svm,COMPLETED_DEVELOPMENT_OOF,,51.560520299943164,8.510370059963316,0.6366951367338131,1114,0.8213644524236984,0.789139910534934,0.4362555574282955,0.24622505073067674,0.030548831072406454,0.9177489177489178,691,0.6202872531418312,423,0,False,51,0.07380607814761216,0,4,591,0.00676818950930626,1,67,0.06885616063393371,22,0.95,0.7556872976800648,0.8778552044088329,0.7189016102019454,0.8499107193500118,0.5359281525759636,0.6988312057661936,0.024822281167108762,0.1396564401622718
classification__hybrid__granite97m__mlp,classification,hybrid,granite97m,mlp,COMPLETED_DEVELOPMENT_OOF,,464.01221750001423,91.03330529998057,0.599123313612286,1114,0.8195691202872532,0.7902945338792227,0.5026858825655984,0.2706188940796396,0.03674227835935408,0.9134199134199135,451,0.40484739676840215,663,0,False,34,0.07538802660753881,0,0,378,0.0,0,40,0.07215752450551455,20,0.95,0.7515710893123211,0.8768966877925993,0.7177896423905481,0.852590931745799,0.3155489756722151,0.49452008854085555,0.020300310019418805,0.15485680098811178
classification__hybrid__granite97m__xgboost,classification,hybrid,granite97m,xgboost,COMPLETED_DEVELOPMENT_OOF,,974.766218099976,193.00715699999128,0.6342519155592982,1114,0.725314183123878,0.6767725548832684,0.7413674494123093,0.38997944348972036,0.045415341869833085,0.670995670995671,0,0.0,1114,0,False,0,,0,0,0,,0,0,,43,0.95,0.6594739345147963,0.789758230059016,0.609012895931938,0.7393978558522766,0.0,0.0,,
deduplication__hybrid__granite97m__logistic_regression,deduplication,hybrid,granite97m,logistic_regression,FAILED,SelectionGuardError: deduplication__hybrid__granite97m__logistic_regression/outer-0: não foi possível separar ajuste e calibração por grupo,0.7001724999863654,,,,,,,,,,,,,,,,,,,,,,,,,,,,,,,,,
deduplication__hybrid__granite97m__decision_tree,deduplication,hybrid,granite97m,decision_tree,FAILED,SelectionGuardError: deduplication__hybrid__granite97m__decision_tree/outer-0: não foi possível separar ajuste e calibração por grupo,1.0307535000611097,,,,,,,,,,,,,,,,,,,,,,,,,,,,,,,,,
deduplication__hybrid__granite97m__linear_svm,deduplication,hybrid,granite97m,linear_svm,FAILED,SelectionGuardError: deduplication__hybrid__granite97m__linear_svm/outer-0: não foi possível separar ajuste e calibração por grupo,1.1386367999948561,,,,,,,,,,,,,,,,,,,,,,,,,,,,,,,,,
deduplication__hybrid__granite97m__mlp,deduplication,hybrid,granite97m,mlp,FAILED,SelectionGuardError: deduplication__hybrid__granite97m__mlp/outer-0: não foi possível separar ajuste e calibração por grupo,1.4632716999622062,,,,,,,,,,,,,,,,,,,,,,,,,,,,,,,,,
deduplication__hybrid__granite97m__xgboost,deduplication,hybrid,granite97m,xgboost,FAILED,SelectionGuardError: deduplication__hybrid__granite97m__xgboost/outer-0: não foi possível separar ajuste e calibração por grupo,1.6281209000153467,,,,,,,,,,,,,,,,,,,,,,,,,,,,,,,,,
classification__hybrid__multilingual_e5_small__logistic_regression,classification,hybrid,multilingual_e5_small,logistic_regression,COMPLETED_DEVELOPMENT_OOF,,46.82715070003178,7.605803519999609,0.5874287524983436,1114,0.8231597845601436,0.7911730769437766,0.4764580498388795,0.2601777845026856,0.03992788879610765,0.8874458874458875,646,0.5798922800718133,468,0,False,42,0.06501547987616099,0,0,565,0.0,0,66,0.04437517261818429,24,0.95,0.7604442171663457,0.8792377230845753,0.7294846122801103,0.8466905235170276,0.4927220541459726,0.6586932516705993,0.02292099877200164,0.12381195335276968
classification__hybrid__multilingual_e5_small__decision_tree,classification,hybrid,multilingual_e5_small,decision_tree,COMPLETED_DEVELOPMENT_OOF,,64.91895439999644,11.304477620008402,0.5855804218571525,1114,0.6579892280071813,0.6453315379002416,0.9432767374185207,0.49418223897997365,0.08907749887516922,0.48484848484848486,0,0.0,1114,0,False,0,,0,0,0,,0,0,,82,0.95,0.6013969379811435,0.7115970794784835,0.5813530269730831,0.6967851166285955,0.0,0.0,,
classification__hybrid__multilingual_e5_small__linear_svm,classification,hybrid,multilingual_e5_small,linear_svm,COMPLETED_DEVELOPMENT_OOF,,53.464072400005534,8.944884519954211,0.6321747766564147,1114,0.8312387791741472,0.7987479181220934,0.4553940361207385,0.24852776570131727,0.044916896542487,0.9264069264069265,678,0.6086175942549371,436,0,False,47,0.06932153392330384,0,0,585,0.0,0,64,0.04572970233076245,24,0.95,0.7653411489342935,0.8888888888888888,0.7265823502947059,0.8598092205782747,0.522880801892098,0.6894797499066816,0.02294929524613617,0.13213492095364307
classification__hybrid__multilingual_e5_small__mlp,classification,hybrid,multilingual_e5_small,mlp,COMPLETED_DEVELOPMENT_OOF,,711.3861181000248,139.3136246600421,1.0703483855278852,1114,0.8123877917414721,0.7821616633140627,0.5160728363097793,0.27069426293521986,0.02651512075873895,0.8831168831168831,451,0.40484739676840215,663,0,False,33,0.07317073170731707,0,0,381,0.0,0,39,0.07393758892668655,14,0.95,0.7471842217370468,0.868220374525552,0.7138530663482111,0.8433118246986391,0.3128153911198064,0.49572862707766513,0.017571371643438107,0.15146102940455042
classification__hybrid__multilingual_e5_small__xgboost,classification,hybrid,multilingual_e5_small,xgboost,COMPLETED_DEVELOPMENT_OOF,,1238.2813007999212,244.8966193200089,1.256088170558994,1114,0.774685816876122,0.7492593553808063,0.6238291988167406,0.32376051266078554,0.03931195829681876,0.7272727272727273,94,0.0843806104129264,1020,0,False,6,0.06382978723404255,0,0,83,0.0,0,13,0.20581666518655062,27,0.95,0.7188234423560752,0.8256758021016177,0.681693485558463,0.8066252955454706,0.043637761669621,0.13150919006365863,0.014492753623188406,0.1547721674876847
deduplication__hybrid__multilingual_e5_small__logistic_regression,deduplication,hybrid,multilingual_e5_small,logistic_regression,FAILED,SelectionGuardError: deduplication__hybrid__multilingual_e5_small__logistic_regression/outer-0: não foi possível separar ajuste e calibração por grupo,0.9593972000293434,,,,,,,,,,,,,,,,,,,,,,,,,,,,,,,,,
deduplication__hybrid__multilingual_e5_small__decision_tree,deduplication,hybrid,multilingual_e5_small,decision_tree,FAILED,SelectionGuardError: deduplication__hybrid__multilingual_e5_small__decision_tree/outer-0: não foi possível separar ajuste e calibração por grupo,1.8925004999618977,,,,,,,,,,,,,,,,,,,,,,,,,,,,,,,,,
deduplication__hybrid__multilingual_e5_small__linear_svm,deduplication,hybrid,multilingual_e5_small,linear_svm,FAILED,SelectionGuardError: deduplication__hybrid__multilingual_e5_small__linear_svm/outer-0: não foi possível separar ajuste e calibração por grupo,1.68999890005216,,,,,,,,,,,,,,,,,,,,,,,,,,,,,,,,,
deduplication__hybrid__multilingual_e5_small__mlp,deduplication,hybrid,multilingual_e5_small,mlp,FAILED,SelectionGuardError: deduplication__hybrid__multilingual_e5_small__mlp/outer-0: não foi possível separar ajuste e calibração por grupo,1.4982802999438718,,,,,,,,,,,,,,,,,,,,,,,,,,,,,,,,,
deduplication__hybrid__multilingual_e5_small__xgboost,deduplication,hybrid,multilingual_e5_small,xgboost,FAILED,SelectionGuardError: deduplication__hybrid__multilingual_e5_small__xgboost/outer-0: não foi possível separar ajuste e calibração por grupo,1.54466560005676,,,,,,,,,,,,,,,,,,,,,,,,,,,,,,,,,
classification__hybrid__multilingual_minilm_l12__logistic_regression,classification,hybrid,multilingual_minilm_l12,logistic_regression,COMPLETED_DEVELOPMENT_OOF,,79.6685051000677,12.712297479971312,1.2047180388041223,1114,0.8043087971274686,0.7693593236890316,0.4909575783668857,0.27138894785593254,0.04182216823802579,0.8658008658008658,527,0.4730700179533214,587,0,False,38,0.07210626185958255,0,0,458,0.0,0,54,0.05396576709737626,24,0.95,0.7397714473975002,0.861705343034579,0.7012860475037842,0.827770692887505,0.3886423134745724,0.5591262032085561,0.024617734548878622,0.13686183425383697
classification__hybrid__multilingual_minilm_l12__decision_tree,classification,hybrid,multilingual_minilm_l12,decision_tree,COMPLETED_DEVELOPMENT_OOF,,98.92660249990877,17.641361879953184,0.7040421406817027,1114,0.7136445242369839,0.6962048994331335,0.8962305008358286,0.4552576818776987,0.0749836759306256,0.5800865800865801,0,0.0,1114,0,False,0,,0,0,0,,0,0,,56,0.95,0.6544137300578196,0.7729652441196772,0.6275960059828227,0.7507867169628508,0.0,0.0,,
classification__hybrid__multilingual_minilm_l12__linear_svm,classification,hybrid,multilingual_minilm_l12,linear_svm,COMPLETED_DEVELOPMENT_OOF,,72.81575509998947,11.581491479976103,0.9913828847951593,1114,0.8150807899461401,0.7768127738198596,0.4513031272067813,0.25433319781374625,0.04161103617672495,0.8961038961038961,615,0.552064631956912,499,0,False,24,0.03902439024390244,1,1,525,0.0019047619047619048,1,64,0.07198975489470938,21,0.95,0.7486940456631722,0.8745329461055037,0.708039313999731,0.8381644826864425,0.4710193977804268,0.6291962221436368,0.010752688172043012,0.08783923849222357
classification__hybrid__multilingual_minilm_l12__mlp,classification,hybrid,multilingual_minilm_l12,mlp,COMPLETED_DEVELOPMENT_OOF,,530.824240099988,103.89376271995715,1.3197513266650422,1114,0.8052064631956912,0.7733618991076389,0.49736690851001214,0.27221963919636816,0.05725615199490571,0.8831168831168831,574,0.5152603231597845,540,0,False,28,0.04878048780487805,0,0,476,0.0,0,51,0.057047952360442765,17,0.95,0.7356530027558787,0.862972289977366,0.7057818034552584,0.8355224627170397,0.4270938668798648,0.5974115462487555,0.01047823788055881,0.10737761019437997
classification__hybrid__multilingual_minilm_l12__xgboost,classification,hybrid,multilingual_minilm_l12,xgboost,COMPLETED_DEVELOPMENT_OOF,,1034.5056474999292,204.74329130002297,0.6445978933830605,1114,0.7414721723518851,0.6920491784217739,0.7295543669961813,0.3801055452837519,0.058047916713244184,0.7056277056277056,233,0.20915619389587073,881,0,False,33,0.14163090128755365,3,3,198,0.015151515151515152,1,30,0.14859606865911315,30,0.95,0.6762477205334347,0.806128765916847,0.6203708261921532,0.7552021225782419,0.14465137221269297,0.27398794200424154,0.05139233263398819,0.26705134583158774
deduplication__hybrid__multilingual_minilm_l12__logistic_regression,deduplication,hybrid,multilingual_minilm_l12,logistic_regression,FAILED,SelectionGuardError: deduplication__hybrid__multilingual_minilm_l12__logistic_regression/outer-0: não foi possível separar ajuste e calibração por grupo,0.7169354999205098,,,,,,,,,,,,,,,,,,,,,,,,,,,,,,,,,
deduplication__hybrid__multilingual_minilm_l12__decision_tree,deduplication,hybrid,multilingual_minilm_l12,decision_tree,FAILED,SelectionGuardError: deduplication__hybrid__multilingual_minilm_l12__decision_tree/outer-0: não foi possível separar ajuste e calibração por grupo,1.077155499951914,,,,,,,,,,,,,,,,,,,,,,,,,,,,,,,,,
deduplication__hybrid__multilingual_minilm_l12__linear_svm,deduplication,hybrid,multilingual_minilm_l12,linear_svm,FAILED,SelectionGuardError: deduplication__hybrid__multilingual_minilm_l12__linear_svm/outer-0: não foi possível separar ajuste e calibração por grupo,1.187612900044769,,,,,,,,,,,,,,,,,,,,,,,,,,,,,,,,,
deduplication__hybrid__multilingual_minilm_l12__mlp,deduplication,hybrid,multilingual_minilm_l12,mlp,FAILED,SelectionGuardError: deduplication__hybrid__multilingual_minilm_l12__mlp/outer-0: não foi possível separar ajuste e calibração por grupo,1.4813176000025123,,,,,,,,,,,,,,,,,,,,,,,,,,,,,,,,,
deduplication__hybrid__multilingual_minilm_l12__xgboost,deduplication,hybrid,multilingual_minilm_l12,xgboost,FAILED,SelectionGuardError: deduplication__hybrid__multilingual_minilm_l12__xgboost/outer-0: não foi possível separar ajuste e calibração por grupo,1.4988043999765068,,,,,,,,,,,,,,,,,,,,,,,,,,,,,,,,,
deduplication__metadata__none__logistic_regression,deduplication,metadata,,logistic_regression,FAILED,SelectionGuardError: deduplication__metadata__none__logistic_regression/outer-0: não foi possível separar ajuste e calibração por grupo,1.44493869994767,,,,,,,,,,,,,,,,,,,,,,,,,,,,,,,,,
deduplication__metadata__none__decision_tree,deduplication,metadata,,decision_tree,FAILED,SelectionGuardError: deduplication__metadata__none__decision_tree/outer-0: não foi possível separar ajuste e calibração por grupo,1.2566201000008732,,,,,,,,,,,,,,,,,,,,,,,,,,,,,,,,,
deduplication__metadata__none__linear_svm,deduplication,metadata,,linear_svm,FAILED,SelectionGuardError: deduplication__metadata__none__linear_svm/outer-0: não foi possível separar ajuste e calibração por grupo,1.2665203000651672,,,,,,,,,,,,,,,,,,,,,,,,,,,,,,,,,
deduplication__metadata__none__mlp,deduplication,metadata,,mlp,FAILED,SelectionGuardError: deduplication__metadata__none__mlp/outer-0: não foi possível separar ajuste e calibração por grupo,1.1767122000455856,,,,,,,,,,,,,,,,,,,,,,,,,,,,,,,,,
deduplication__metadata__none__xgboost,deduplication,metadata,,xgboost,FAILED,SelectionGuardError: deduplication__metadata__none__xgboost/outer-0: não foi possível separar ajuste e calibração por grupo,1.9796466999687254,,,,,,,,,,,,,,,,,,,,,,,,,,,,,,,,,
deduplication__hybrid_metadata__granite97m__logistic_regression,deduplication,hybrid_metadata,granite97m,logistic_regression,FAILED,SelectionGuardError: deduplication__hybrid_metadata__granite97m__logistic_regression/outer-0: não foi possível separar ajuste e calibração por grupo,0.8749866000143811,,,,,,,,,,,,,,,,,,,,,,,,,,,,,,,,,
deduplication__hybrid_metadata__granite97m__decision_tree,deduplication,hybrid_metadata,granite97m,decision_tree,FAILED,SelectionGuardError: deduplication__hybrid_metadata__granite97m__decision_tree/outer-0: não foi possível separar ajuste e calibração por grupo,1.1600395001005381,,,,,,,,,,,,,,,,,,,,,,,,,,,,,,,,,
deduplication__hybrid_metadata__granite97m__linear_svm,deduplication,hybrid_metadata,granite97m,linear_svm,FAILED,SelectionGuardError: deduplication__hybrid_metadata__granite97m__linear_svm/outer-0: não foi possível separar ajuste e calibração por grupo,1.077106700045988,,,,,,,,,,,,,,,,,,,,,,,,,,,,,,,,,
deduplication__hybrid_metadata__granite97m__mlp,deduplication,hybrid_metadata,granite97m,mlp,FAILED,SelectionGuardError: deduplication__hybrid_metadata__granite97m__mlp/outer-0: não foi possível separar ajuste e calibração por grupo,1.5213584000011906,,,,,,,,,,,,,,,,,,,,,,,,,,,,,,,,,
deduplication__hybrid_metadata__granite97m__xgboost,deduplication,hybrid_metadata,granite97m,xgboost,FAILED,SelectionGuardError: deduplication__hybrid_metadata__granite97m__xgboost/outer-0: não foi possível separar ajuste e calibração por grupo,0.8391150000970811,,,,,,,,,,,,,,,,,,,,,,,,,,,,,,,,,
deduplication__hybrid_metadata__multilingual_e5_small__logistic_regression,deduplication,hybrid_metadata,multilingual_e5_small,logistic_regression,FAILED,SelectionGuardError: deduplication__hybrid_metadata__multilingual_e5_small__logistic_regression/outer-0: não foi possível separar ajuste e calibração por grupo,1.050673000048846,,,,,,,,,,,,,,,,,,,,,,,,,,,,,,,,,
deduplication__hybrid_metadata__multilingual_e5_small__decision_tree,deduplication,hybrid_metadata,multilingual_e5_small,decision_tree,FAILED,SelectionGuardError: deduplication__hybrid_metadata__multilingual_e5_small__decision_tree/outer-0: não foi possível separar ajuste e calibração por grupo,0.8785186000168324,,,,,,,,,,,,,,,,,,,,,,,,,,,,,,,,,
deduplication__hybrid_metadata__multilingual_e5_small__linear_svm,deduplication,hybrid_metadata,multilingual_e5_small,linear_svm,FAILED,SelectionGuardError: deduplication__hybrid_metadata__multilingual_e5_small__linear_svm/outer-0: não foi possível separar ajuste e calibração por grupo,1.3566290000453591,,,,,,,,,,,,,,,,,,,,,,,,,,,,,,,,,
deduplication__hybrid_metadata__multilingual_e5_small__mlp,deduplication,hybrid_metadata,multilingual_e5_small,mlp,FAILED,SelectionGuardError: deduplication__hybrid_metadata__multilingual_e5_small__mlp/outer-0: não foi possível separar ajuste e calibração por grupo,1.611188199953176,,,,,,,,,,,,,,,,,,,,,,,,,,,,,,,,,
deduplication__hybrid_metadata__multilingual_e5_small__xgboost,deduplication,hybrid_metadata,multilingual_e5_small,xgboost,FAILED,SelectionGuardError: deduplication__hybrid_metadata__multilingual_e5_small__xgboost/outer-0: não foi possível separar ajuste e calibração por grupo,1.3865757000166923,,,,,,,,,,,,,,,,,,,,,,,,,,,,,,,,,
deduplication__hybrid_metadata__multilingual_minilm_l12__logistic_regression,deduplication,hybrid_metadata,multilingual_minilm_l12,logistic_regression,FAILED,SelectionGuardError: deduplication__hybrid_metadata__multilingual_minilm_l12__logistic_regression/outer-0: não foi possível separar ajuste e calibração por grupo,0.9269176999805495,,,,,,,,,,,,,,,,,,,,,,,,,,,,,,,,,
deduplication__hybrid_metadata__multilingual_minilm_l12__decision_tree,deduplication,hybrid_metadata,multilingual_minilm_l12,decision_tree,FAILED,SelectionGuardError: deduplication__hybrid_metadata__multilingual_minilm_l12__decision_tree/outer-0: não foi possível separar ajuste e calibração por grupo,1.103460899903439,,,,,,,,,,,,,,,,,,,,,,,,,,,,,,,,,
deduplication__hybrid_metadata__multilingual_minilm_l12__linear_svm,deduplication,hybrid_metadata,multilingual_minilm_l12,linear_svm,FAILED,SelectionGuardError: deduplication__hybrid_metadata__multilingual_minilm_l12__linear_svm/outer-0: não foi possível separar ajuste e calibração por grupo,1.2989286000374705,,,,,,,,,,,,,,,,,,,,,,,,,,,,,,,,,
deduplication__hybrid_metadata__multilingual_minilm_l12__mlp,deduplication,hybrid_metadata,multilingual_minilm_l12,mlp,FAILED,SelectionGuardError: deduplication__hybrid_metadata__multilingual_minilm_l12__mlp/outer-0: não foi possível separar ajuste e calibração por grupo,1.801452999934554,,,,,,,,,,,,,,,,,,,,,,,,,,,,,,,,,
deduplication__hybrid_metadata__multilingual_minilm_l12__xgboost,deduplication,hybrid_metadata,multilingual_minilm_l12,xgboost,FAILED,SelectionGuardError: deduplication__hybrid_metadata__multilingual_minilm_l12__xgboost/outer-0: não foi possível separar ajuste e calibração por grupo,0.8663981000427157,,,,,,,,,,,,,,,,,,,,,,,,,,,,,,,,,
